-- phpMyAdmin SQL Dump
-- version 4.2.7.1
-- http://www.phpmyadmin.net
--
-- Host: 127.0.0.1
-- Generation Time: Jun 13, 2026 at 01:10 PM
-- Server version: 5.6.20
-- PHP Version: 5.5.15

SET SQL_MODE = "NO_AUTO_VALUE_ON_ZERO";
SET time_zone = "+00:00";


/*!40101 SET @OLD_CHARACTER_SET_CLIENT=@@CHARACTER_SET_CLIENT */;
/*!40101 SET @OLD_CHARACTER_SET_RESULTS=@@CHARACTER_SET_RESULTS */;
/*!40101 SET @OLD_COLLATION_CONNECTION=@@COLLATION_CONNECTION */;
/*!40101 SET NAMES utf8 */;

--
-- Database: `rio4_db`
--

-- --------------------------------------------------------

--
-- Table structure for table `budget_allocations`
--

CREATE TABLE IF NOT EXISTS `budget_allocations` (
`budget_id` int(11) NOT NULL COMMENT 'รหัสงบ',
  `cat_id` int(11) DEFAULT NULL COMMENT 'expense_categories',
  `fiscal_year` year(4) NOT NULL COMMENT 'ปีงบประมาณ',
  `allocated_amount` decimal(15,2) NOT NULL DEFAULT '0.00' COMMENT 'วงเงินที่ได้รับ',
  `used_amount` decimal(15,2) DEFAULT '0.00' COMMENT 'ยอดที่ใช้ไป',
  `department` varchar(100) DEFAULT NULL COMMENT 'หน่วยงาน',
  `budget_code` varchar(50) DEFAULT NULL COMMENT 'รหัสงบประมาณ'
) ENGINE=InnoDB  DEFAULT CHARSET=utf8 AUTO_INCREMENT=21 ;

--
-- Dumping data for table `budget_allocations`
--

INSERT INTO `budget_allocations` (`budget_id`, `cat_id`, `fiscal_year`, `allocated_amount`, `used_amount`, `department`, `budget_code`) VALUES
(1, 1, 2026, '100000.00', '5000.00', 'สำนักงานชลประทานที่ 4', 'BUD2026-001'),
(2, 2, 2026, '200000.00', '10000.00', 'สำนักงานชลประทานที่ 4', 'BUD2026-002'),
(3, 3, 2026, '300000.00', '15000.00', 'สำนักงานชลประทานที่ 4', 'BUD2026-003'),
(4, 4, 2026, '400000.00', '20000.00', 'สำนักงานชลประทานที่ 4', 'BUD2026-004'),
(5, 5, 2026, '500000.00', '25000.00', 'สำนักงานชลประทานที่ 4', 'BUD2026-005'),
(6, 6, 2026, '600000.00', '30000.00', 'สำนักงานชลประทานที่ 4', 'BUD2026-006'),
(7, 7, 2026, '700000.00', '35000.00', 'สำนักงานชลประทานที่ 4', 'BUD2026-007'),
(8, 8, 2026, '800000.00', '40000.00', 'สำนักงานชลประทานที่ 4', 'BUD2026-008'),
(9, 9, 2026, '900000.00', '45000.00', 'สำนักงานชลประทานที่ 4', 'BUD2026-009'),
(10, 10, 2026, '1000000.00', '50000.00', 'สำนักงานชลประทานที่ 4', 'BUD2026-010'),
(11, 1, 2026, '1100000.00', '55000.00', 'สำนักงานชลประทานที่ 4', 'BUD2026-011'),
(12, 2, 2026, '1200000.00', '60000.00', 'สำนักงานชลประทานที่ 4', 'BUD2026-012'),
(13, 3, 2026, '1300000.00', '65000.00', 'สำนักงานชลประทานที่ 4', 'BUD2026-013'),
(14, 4, 2026, '1400000.00', '70000.00', 'สำนักงานชลประทานที่ 4', 'BUD2026-014'),
(15, 5, 2026, '1500000.00', '75000.00', 'สำนักงานชลประทานที่ 4', 'BUD2026-015'),
(16, 6, 2026, '1600000.00', '80000.00', 'สำนักงานชลประทานที่ 4', 'BUD2026-016'),
(17, 7, 2026, '1700000.00', '85000.00', 'สำนักงานชลประทานที่ 4', 'BUD2026-017'),
(18, 8, 2026, '1800000.00', '90000.00', 'สำนักงานชลประทานที่ 4', 'BUD2026-018'),
(19, 9, 2026, '1900000.00', '95000.00', 'สำนักงานชลประทานที่ 4', 'BUD2026-019'),
(20, 10, 2026, '2000000.00', '100000.00', 'สำนักงานชลประทานที่ 4', 'BUD2026-020');

-- --------------------------------------------------------

--
-- Table structure for table `drivers`
--

CREATE TABLE IF NOT EXISTS `drivers` (
`driver_id` int(11) NOT NULL COMMENT 'รหัสพนักงานขับรถ',
  `user_id` int(11) NOT NULL COMMENT 'users',
  `license_number` varchar(30) DEFAULT NULL COMMENT 'เลขใบขับขี่',
  `license_expire` date DEFAULT NULL COMMENT 'วันหมดอายุใบขับขี่',
  `license_class` varchar(10) DEFAULT NULL COMMENT 'ประเภทใบขับขี่',
  `is_available` tinyint(1) DEFAULT '1' COMMENT 'พร้อมปฏิบัติงาน'
) ENGINE=InnoDB  DEFAULT CHARSET=utf8 AUTO_INCREMENT=21 ;

--
-- Dumping data for table `drivers`
--

INSERT INTO `drivers` (`driver_id`, `user_id`, `license_number`, `license_expire`, `license_class`, `is_available`) VALUES
(1, 1, 'DRV0001', '2030-12-31', 'A', 1),
(2, 2, 'DRV0002', '2030-12-31', 'A', 1),
(3, 3, 'DRV0003', '2030-12-31', 'A', 1),
(4, 4, 'DRV0004', '2030-12-31', 'A', 1),
(5, 5, 'DRV0005', '2030-12-31', 'A', 1),
(6, 6, 'DRV0006', '2030-12-31', 'A', 1),
(7, 7, 'DRV0007', '2030-12-31', 'A', 1),
(8, 8, 'DRV0008', '2030-12-31', 'A', 1),
(9, 9, 'DRV0009', '2030-12-31', 'A', 1),
(10, 10, 'DRV0010', '2030-12-31', 'A', 1),
(11, 11, 'DRV0011', '2030-12-31', 'A', 1),
(12, 12, 'DRV0012', '2030-12-31', 'A', 1),
(13, 13, 'DRV0013', '2030-12-31', 'A', 1),
(14, 14, 'DRV0014', '2030-12-31', 'A', 1),
(15, 15, 'DRV0015', '2030-12-31', 'A', 1),
(16, 16, 'DRV0016', '2030-12-31', 'A', 1),
(17, 17, 'DRV0017', '2030-12-31', 'A', 1),
(18, 18, 'DRV0018', '2030-12-31', 'A', 1),
(19, 19, 'DRV0019', '2030-12-31', 'A', 1),
(20, 20, 'DRV0020', '2030-12-31', 'A', 1);

-- --------------------------------------------------------

--
-- Table structure for table `expense_approvals`
--

CREATE TABLE IF NOT EXISTS `expense_approvals` (
`ea_id` int(11) NOT NULL COMMENT 'รหัส',
  `claim_id` int(11) NOT NULL COMMENT 'expense_claims',
  `approver_id` int(11) NOT NULL COMMENT 'users',
  `approval_step` tinyint(4) DEFAULT NULL COMMENT 'ลำดับขั้นตอน',
  `action` enum('approved','rejected','pending') DEFAULT 'pending' COMMENT 'approved/rejected/pending',
  `approved_amount` decimal(12,2) DEFAULT NULL COMMENT 'ยอดที่อนุมัติ',
  `comment` text COMMENT 'ความเห็น',
  `action_at` timestamp NOT NULL DEFAULT CURRENT_TIMESTAMP ON UPDATE CURRENT_TIMESTAMP COMMENT 'เวลาดำเนินการ'
) ENGINE=InnoDB  DEFAULT CHARSET=utf8 AUTO_INCREMENT=11 ;

--
-- Dumping data for table `expense_approvals`
--

INSERT INTO `expense_approvals` (`ea_id`, `claim_id`, `approver_id`, `approval_step`, `action`, `approved_amount`, `comment`, `action_at`) VALUES
(1, 1, 49, 1, 'approved', '1550.00', 'ผ่านการตรวจสอบ', '2026-06-12 06:47:06'),
(2, 1, 50, 2, 'approved', '1550.00', 'พิจารณาอนุมัติ', '2026-06-12 06:47:06'),
(3, 2, 49, 1, 'approved', '1600.00', 'ผ่านการตรวจสอบ', '2026-06-12 06:47:06'),
(4, 2, 50, 2, 'approved', '1600.00', 'พิจารณาอนุมัติ', '2026-06-12 06:47:06'),
(5, 3, 49, 1, 'approved', '1650.00', 'ผ่านการตรวจสอบ', '2026-06-12 06:47:06'),
(6, 3, 50, 2, 'approved', '1650.00', 'พิจารณาอนุมัติ', '2026-06-12 06:47:06'),
(7, 4, 49, 1, 'approved', '1700.00', 'ผ่านการตรวจสอบ', '2026-06-12 06:47:06'),
(8, 4, 50, 2, 'pending', '1700.00', 'รออนุมัติ', '2026-06-12 06:47:06'),
(9, 5, 49, 1, 'approved', '1750.00', 'ผ่านการตรวจสอบ', '2026-06-12 06:47:06'),
(10, 5, 50, 2, 'pending', '1750.00', 'รออนุมัติ', '2026-06-12 06:47:06');

-- --------------------------------------------------------

--
-- Table structure for table `expense_categories`
--

CREATE TABLE IF NOT EXISTS `expense_categories` (
`cat_id` int(11) NOT NULL COMMENT 'รหัสหมวด',
  `cat_name` varchar(100) NOT NULL COMMENT 'ชื่อหมวด',
  `cat_code` varchar(20) DEFAULT NULL COMMENT 'รหัสหมวด',
  `budget_type` enum('recurrent','capital') DEFAULT NULL COMMENT 'งบประจำ/งบลงทุน',
  `max_per_claim` decimal(12,2) DEFAULT NULL COMMENT 'วงเงินสูงสุดต่อครั้ง'
) ENGINE=InnoDB  DEFAULT CHARSET=utf8 AUTO_INCREMENT=11 ;

--
-- Dumping data for table `expense_categories`
--

INSERT INTO `expense_categories` (`cat_id`, `cat_name`, `cat_code`, `budget_type`, `max_per_claim`) VALUES
(1, 'ค่าเบี้ยเลี้ยง', 'ALLOW', 'recurrent', '5000.00'),
(2, 'ค่าที่พัก', 'HOTEL', 'recurrent', '10000.00'),
(3, 'ค่าพาหนะ', 'TRANS', 'recurrent', '15000.00'),
(4, 'ค่าน้ำมันเชื้อเพลิง', 'FUEL', 'recurrent', '8000.00'),
(5, 'ค่าซ่อมบำรุง', 'REPAIR', 'recurrent', '50000.00'),
(6, 'ค่าวัสดุสำนักงาน', 'OFFICE', 'recurrent', '20000.00'),
(7, 'ค่าครุภัณฑ์', 'ASSET', 'capital', '200000.00'),
(8, 'ค่าอบรมสัมมนา', 'TRAIN', 'recurrent', '30000.00'),
(9, 'ค่าสาธารณูปโภค', 'UTILITY', 'recurrent', '50000.00'),
(10, 'ค่าใช้จ่ายอื่นๆ', 'OTHER', 'recurrent', '10000.00');

-- --------------------------------------------------------

--
-- Table structure for table `expense_claims`
--

CREATE TABLE IF NOT EXISTS `expense_claims` (
`claim_id` int(11) NOT NULL COMMENT 'รหัสใบเบิก',
  `claim_number` varchar(30) DEFAULT NULL COMMENT 'เลขที่ใบเบิก',
  `claimant_id` int(11) NOT NULL COMMENT 'users (ผู้เบิก)',
  `cat_id` int(11) DEFAULT NULL COMMENT 'expense_categories',
  `budget_id` int(11) DEFAULT NULL COMMENT 'budget_allocations',
  `travel_request_id` int(11) DEFAULT NULL COMMENT 'travel_requests (อ้างอิง ชป.318)',
  `claim_date` date NOT NULL COMMENT 'วันที่เบิก',
  `total_amount` decimal(12,2) NOT NULL DEFAULT '0.00' COMMENT 'จำนวนเงินรวม',
  `description` text COMMENT 'รายละเอียด',
  `status` enum('draft','submitted','approved','paid','rejected') DEFAULT 'draft' COMMENT 'draft/submitted/approved/paid/rejected',
  `paid_at` datetime DEFAULT NULL COMMENT 'วันที่จ่ายเงิน',
  `created_at` timestamp NOT NULL DEFAULT CURRENT_TIMESTAMP COMMENT 'วันที่สร้าง'
) ENGINE=InnoDB  DEFAULT CHARSET=utf8 AUTO_INCREMENT=6 ;

--
-- Dumping data for table `expense_claims`
--

INSERT INTO `expense_claims` (`claim_id`, `claim_number`, `claimant_id`, `cat_id`, `budget_id`, `travel_request_id`, `claim_date`, `total_amount`, `description`, `status`, `paid_at`, `created_at`) VALUES
(1, 'CLM-2026-001', 1, 1, 1, 1, '2026-05-01', '1550.00', 'ค่าใช้จ่ายราชการครั้งที่ 1', 'paid', '2026-06-01 10:00:00', '2026-06-12 06:46:38'),
(2, 'CLM-2026-002', 2, 2, 2, 2, '2026-05-02', '1600.00', 'ค่าใช้จ่ายราชการครั้งที่ 2', 'approved', NULL, '2026-06-12 06:46:38'),
(3, 'CLM-2026-003', 3, 3, 3, 3, '2026-05-03', '1650.00', 'ค่าใช้จ่ายราชการครั้งที่ 3', 'submitted', NULL, '2026-06-12 06:46:38'),
(4, 'CLM-2026-004', 4, 4, 4, 4, '2026-05-04', '1700.00', 'ค่าใช้จ่ายราชการครั้งที่ 4', 'draft', NULL, '2026-06-12 06:46:38'),
(5, 'CLM-2026-005', 5, 5, 5, 5, '2026-05-05', '1750.00', 'ค่าใช้จ่ายราชการครั้งที่ 5', 'rejected', NULL, '2026-06-12 06:46:38');

-- --------------------------------------------------------

--
-- Table structure for table `expense_items`
--

CREATE TABLE IF NOT EXISTS `expense_items` (
`item_id` int(11) NOT NULL COMMENT 'รหัสรายการ',
  `claim_id` int(11) NOT NULL COMMENT 'expense_claims',
  `item_name` varchar(300) NOT NULL COMMENT 'รายการ',
  `item_date` date DEFAULT NULL COMMENT 'วันที่เกิดค่าใช้จ่าย',
  `amount` decimal(10,2) NOT NULL DEFAULT '0.00' COMMENT 'จำนวนเงิน',
  `unit` varchar(30) DEFAULT NULL COMMENT 'หน่วย (วัน/คืน/ครั้ง)',
  `quantity` decimal(8,2) DEFAULT '1.00' COMMENT 'จำนวน',
  `receipt_number` varchar(50) DEFAULT NULL COMMENT 'เลขที่ใบเสร็จ',
  `receipt_file` varchar(300) DEFAULT NULL COMMENT 'path ไฟล์ใบเสร็จ'
) ENGINE=InnoDB  DEFAULT CHARSET=utf8 AUTO_INCREMENT=16 ;

--
-- Dumping data for table `expense_items`
--

INSERT INTO `expense_items` (`item_id`, `claim_id`, `item_name`, `item_date`, `amount`, `unit`, `quantity`, `receipt_number`, `receipt_file`) VALUES
(1, 1, 'ค่าเบี้ยเลี้ยง', '2026-05-01', '760.00', 'ครั้ง', '1.00', 'RC0011', 'receipts/1_1.pdf'),
(2, 1, 'ค่าที่พัก', '2026-05-01', '1010.00', 'ครั้ง', '1.00', 'RC0012', 'receipts/1_2.pdf'),
(3, 1, 'ค่าน้ำมันเชื้อเพลิง', '2026-05-01', '1260.00', 'ครั้ง', '1.00', 'RC0013', 'receipts/1_3.pdf'),
(4, 2, 'ค่าเบี้ยเลี้ยง', '2026-05-02', '770.00', 'ครั้ง', '1.00', 'RC0021', 'receipts/2_1.pdf'),
(5, 2, 'ค่าที่พัก', '2026-05-02', '1020.00', 'ครั้ง', '1.00', 'RC0022', 'receipts/2_2.pdf'),
(6, 2, 'ค่าน้ำมันเชื้อเพลิง', '2026-05-02', '1270.00', 'ครั้ง', '1.00', 'RC0023', 'receipts/2_3.pdf'),
(7, 3, 'ค่าเบี้ยเลี้ยง', '2026-05-03', '780.00', 'ครั้ง', '1.00', 'RC0031', 'receipts/3_1.pdf'),
(8, 3, 'ค่าที่พัก', '2026-05-03', '1030.00', 'ครั้ง', '1.00', 'RC0032', 'receipts/3_2.pdf'),
(9, 3, 'ค่าน้ำมันเชื้อเพลิง', '2026-05-03', '1280.00', 'ครั้ง', '1.00', 'RC0033', 'receipts/3_3.pdf'),
(10, 4, 'ค่าเบี้ยเลี้ยง', '2026-05-04', '790.00', 'ครั้ง', '1.00', 'RC0041', 'receipts/4_1.pdf'),
(11, 4, 'ค่าที่พัก', '2026-05-04', '1040.00', 'ครั้ง', '1.00', 'RC0042', 'receipts/4_2.pdf'),
(12, 4, 'ค่าน้ำมันเชื้อเพลิง', '2026-05-04', '1290.00', 'ครั้ง', '1.00', 'RC0043', 'receipts/4_3.pdf'),
(13, 5, 'ค่าเบี้ยเลี้ยง', '2026-05-05', '800.00', 'ครั้ง', '1.00', 'RC0051', 'receipts/5_1.pdf'),
(14, 5, 'ค่าที่พัก', '2026-05-05', '1050.00', 'ครั้ง', '1.00', 'RC0052', 'receipts/5_2.pdf'),
(15, 5, 'ค่าน้ำมันเชื้อเพลิง', '2026-05-05', '1300.00', 'ครั้ง', '1.00', 'RC0053', 'receipts/5_3.pdf');

-- --------------------------------------------------------

--
-- Table structure for table `news_categories`
--

CREATE TABLE IF NOT EXISTS `news_categories` (
`category_id` int(11) NOT NULL COMMENT 'รหัสหมวดหมู่',
  `category_name` varchar(100) NOT NULL COMMENT 'ชื่อหมวดหมู่',
  `category_code` varchar(20) DEFAULT NULL COMMENT 'รหัสย่อ',
  `is_active` tinyint(1) DEFAULT '1' COMMENT 'สถานะใช้งาน'
) ENGINE=InnoDB  DEFAULT CHARSET=utf8 AUTO_INCREMENT=5 ;

--
-- Dumping data for table `news_categories`
--

INSERT INTO `news_categories` (`category_id`, `category_name`, `category_code`, `is_active`) VALUES
(1, 'โครงการอันเนื่องมาจากพระราชดำริ', 'ROYAL', 1),
(2, 'ด้านพัฒนาแหล่งน้ำและเพิ่มพื้นที่ชลประทาน', 'WATER', 1),
(3, 'ด้านบริหารจัดการน้ำ บรรเทาภัยอันเกิดจากน้ำ', 'AGRI', 1),
(4, 'ด้านการสร้างภาพลักษณ์องค์กร และอื่นๆ', 'ENV', 1);

-- --------------------------------------------------------

--
-- Table structure for table `news_daily_summary`
--

CREATE TABLE IF NOT EXISTS `news_daily_summary` (
`summary_id` int(11) NOT NULL COMMENT 'รหัสสรุป',
  `summary_date` date NOT NULL COMMENT 'วันที่สรุป',
  `category_id` int(11) DEFAULT NULL COMMENT 'news_categories',
  `total_news` int(11) NOT NULL DEFAULT '0' COMMENT 'จำนวนข่าวทั้งหมด',
  `positive_count` int(11) DEFAULT '0' COMMENT 'จำนวนข่าวบวก',
  `negative_count` int(11) DEFAULT '0' COMMENT 'จำนวนข่าวลบ',
  `neutral_count` int(11) DEFAULT '0' COMMENT 'จำนวนข่าวกลาง',
  `note` text COMMENT 'หมายเหตุ'
) ENGINE=InnoDB  DEFAULT CHARSET=utf8 AUTO_INCREMENT=51 ;

--
-- Dumping data for table `news_daily_summary`
--

INSERT INTO `news_daily_summary` (`summary_id`, `summary_date`, `category_id`, `total_news`, `positive_count`, `negative_count`, `neutral_count`, `note`) VALUES
(1, '2026-05-01', 1, 1, 0, 0, 1, 'สรุปข่าวประจำวันที่ 2026-05-01'),
(2, '2026-05-02', 1, 1, 0, 0, 1, 'สรุปข่าวประจำวันที่ 2026-05-02'),
(3, '2026-05-03', 1, 1, 0, 0, 1, 'สรุปข่าวประจำวันที่ 2026-05-03'),
(4, '2026-05-04', 1, 1, 1, 0, 0, 'สรุปข่าวประจำวันที่ 2026-05-04'),
(5, '2026-05-05', 1, 1, 0, 1, 0, 'สรุปข่าวประจำวันที่ 2026-05-05'),
(6, '2026-05-06', 1, 1, 1, 0, 0, 'สรุปข่าวประจำวันที่ 2026-05-06'),
(7, '2026-05-07', 1, 1, 1, 0, 0, 'สรุปข่าวประจำวันที่ 2026-05-07'),
(8, '2026-05-08', 1, 1, 0, 0, 1, 'สรุปข่าวประจำวันที่ 2026-05-08'),
(9, '2026-05-09', 1, 1, 0, 1, 0, 'สรุปข่าวประจำวันที่ 2026-05-09'),
(10, '2026-05-10', 1, 1, 0, 0, 1, 'สรุปข่าวประจำวันที่ 2026-05-10'),
(11, '2026-05-11', 1, 1, 0, 0, 1, 'สรุปข่าวประจำวันที่ 2026-05-11'),
(12, '2026-05-12', 1, 1, 0, 0, 1, 'สรุปข่าวประจำวันที่ 2026-05-12'),
(13, '2026-05-13', 2, 1, 0, 0, 1, 'สรุปข่าวประจำวันที่ 2026-05-13'),
(14, '2026-05-14', 2, 1, 0, 0, 1, 'สรุปข่าวประจำวันที่ 2026-05-14'),
(15, '2026-05-15', 2, 1, 0, 0, 1, 'สรุปข่าวประจำวันที่ 2026-05-15'),
(16, '2026-05-16', 2, 1, 0, 0, 1, 'สรุปข่าวประจำวันที่ 2026-05-16'),
(17, '2026-05-17', 2, 1, 0, 0, 1, 'สรุปข่าวประจำวันที่ 2026-05-17'),
(18, '2026-05-18', 2, 1, 0, 0, 1, 'สรุปข่าวประจำวันที่ 2026-05-18'),
(19, '2026-05-19', 2, 1, 0, 0, 1, 'สรุปข่าวประจำวันที่ 2026-05-19'),
(20, '2026-05-20', 2, 1, 0, 0, 1, 'สรุปข่าวประจำวันที่ 2026-05-20'),
(21, '2026-05-21', 2, 1, 0, 0, 1, 'สรุปข่าวประจำวันที่ 2026-05-21'),
(22, '2026-05-22', 2, 1, 0, 0, 1, 'สรุปข่าวประจำวันที่ 2026-05-22'),
(23, '2026-05-23', 2, 1, 0, 0, 1, 'สรุปข่าวประจำวันที่ 2026-05-23'),
(24, '2026-05-24', 2, 1, 0, 0, 1, 'สรุปข่าวประจำวันที่ 2026-05-24'),
(25, '2026-05-25', 2, 1, 0, 0, 1, 'สรุปข่าวประจำวันที่ 2026-05-25'),
(26, '2026-05-26', 3, 1, 0, 0, 1, 'สรุปข่าวประจำวันที่ 2026-05-26'),
(27, '2026-05-27', 3, 1, 0, 0, 1, 'สรุปข่าวประจำวันที่ 2026-05-27'),
(28, '2026-05-28', 3, 1, 0, 0, 1, 'สรุปข่าวประจำวันที่ 2026-05-28'),
(29, '2026-05-29', 3, 1, 0, 0, 1, 'สรุปข่าวประจำวันที่ 2026-05-29'),
(30, '2026-05-30', 3, 1, 0, 0, 1, 'สรุปข่าวประจำวันที่ 2026-05-30'),
(31, '2026-05-31', 3, 1, 0, 0, 1, 'สรุปข่าวประจำวันที่ 2026-05-31'),
(32, '2026-06-01', 3, 1, 0, 0, 1, 'สรุปข่าวประจำวันที่ 2026-06-01'),
(33, '2026-06-02', 3, 1, 0, 0, 1, 'สรุปข่าวประจำวันที่ 2026-06-02'),
(34, '2026-06-03', 3, 1, 0, 0, 1, 'สรุปข่าวประจำวันที่ 2026-06-03'),
(35, '2026-06-04', 3, 1, 0, 0, 1, 'สรุปข่าวประจำวันที่ 2026-06-04'),
(36, '2026-06-05', 3, 1, 0, 0, 1, 'สรุปข่าวประจำวันที่ 2026-06-05'),
(37, '2026-06-06', 3, 1, 0, 0, 1, 'สรุปข่าวประจำวันที่ 2026-06-06'),
(38, '2026-06-07', 3, 1, 0, 0, 1, 'สรุปข่าวประจำวันที่ 2026-06-07'),
(39, '2026-06-08', 4, 1, 0, 0, 1, 'สรุปข่าวประจำวันที่ 2026-06-08'),
(40, '2026-06-09', 4, 1, 0, 0, 1, 'สรุปข่าวประจำวันที่ 2026-06-09'),
(41, '2026-06-10', 4, 1, 0, 0, 1, 'สรุปข่าวประจำวันที่ 2026-06-10'),
(42, '2026-06-11', 4, 1, 0, 0, 1, 'สรุปข่าวประจำวันที่ 2026-06-11'),
(43, '2026-06-12', 4, 1, 0, 0, 1, 'สรุปข่าวประจำวันที่ 2026-06-12'),
(44, '2026-06-13', 4, 1, 0, 0, 1, 'สรุปข่าวประจำวันที่ 2026-06-13'),
(45, '2026-06-14', 4, 1, 0, 0, 1, 'สรุปข่าวประจำวันที่ 2026-06-14'),
(46, '2026-06-15', 4, 1, 0, 0, 1, 'สรุปข่าวประจำวันที่ 2026-06-15'),
(47, '2026-06-16', 4, 1, 0, 0, 1, 'สรุปข่าวประจำวันที่ 2026-06-16'),
(48, '2026-06-17', 4, 1, 0, 0, 1, 'สรุปข่าวประจำวันที่ 2026-06-17'),
(49, '2026-06-18', 4, 1, 0, 0, 1, 'สรุปข่าวประจำวันที่ 2026-06-18'),
(50, '2026-06-19', 4, 1, 0, 0, 1, 'สรุปข่าวประจำวันที่ 2026-06-19');

-- --------------------------------------------------------

--
-- Table structure for table `news_items`
--

CREATE TABLE IF NOT EXISTS `news_items` (
`news_id` bigint(20) NOT NULL COMMENT 'รหัสข่าว',
  `category_id` int(11) DEFAULT NULL COMMENT 'news_categories',
  `source_id` int(11) DEFAULT NULL COMMENT 'news_sources',
  `news_title` varchar(500) NOT NULL COMMENT 'หัวข้อข่าว',
  `news_summary` text COMMENT 'สรุปเนื้อหา',
  `news_url` varchar(500) DEFAULT NULL COMMENT 'ลิงก์ข่าว',
  `news_date` date NOT NULL COMMENT 'วันที่ข่าว',
  `sentiment` enum('positive','negative','neutral') DEFAULT 'neutral' COMMENT 'บวก/ลบ/กลาง',
  `is_highlighted` tinyint(1) DEFAULT '0' COMMENT 'ข่าวเด่น',
  `created_at` timestamp NOT NULL DEFAULT CURRENT_TIMESTAMP COMMENT 'วันที่บันทึก',
  `created_by` int(11) DEFAULT NULL COMMENT 'users'
) ENGINE=InnoDB  DEFAULT CHARSET=utf8 AUTO_INCREMENT=102 ;

--
-- Dumping data for table `news_items`
--

INSERT INTO `news_items` (`news_id`, `category_id`, `source_id`, `news_title`, `news_summary`, `news_url`, `news_date`, `sentiment`, `is_highlighted`, `created_at`, `created_by`) VALUES
(53, 1, 3, 'เร่งดำเนินงานโครงการพัฒนาอ่างเก็บน้ำตามแนวพระราชดำริ', 'เพิ่มศักยภาพการกักเก็บน้ำในฤดูแล้ง', 'https://news.example.com/3', '2026-05-03', 'neutral', 0, '2026-06-12 04:26:18', 1),
(54, 1, 4, 'ติดตามการบริหารจัดการน้ำในพื้นที่โครงการพระราชดำริ', 'สร้างความมั่นคงด้านน้ำให้ประชาชน', 'https://news.example.com/4', '2026-05-04', 'positive', 0, '2026-06-12 04:26:18', 1),
(55, 1, 5, 'ชุมชนร่วมอนุรักษ์แหล่งน้ำตามแนวพระราชดำริ', 'ส่งเสริมการมีส่วนร่วมของประชาชน', 'https://news.example.com/5', '2026-05-05', 'negative', 0, '2026-06-12 04:26:18', 1),
(56, 1, 1, 'พัฒนาแหล่งน้ำขนาดเล็กในพื้นที่ห่างไกล', 'ช่วยเหลือเกษตรกรช่วงฤดูแล้ง', 'https://news.example.com/6', '2026-05-06', 'positive', 0, '2026-06-12 04:26:18', 1),
(57, 1, 2, 'ผลสำเร็จโครงการพระราชดำริด้านทรัพยากรน้ำ', 'เพิ่มพื้นที่เพาะปลูกอย่างยั่งยืน', 'https://news.example.com/7', '2026-05-07', 'positive', 0, '2026-06-12 04:26:18', 1),
(58, 1, 3, 'ติดตามความก้าวหน้าโครงการอ่างเก็บน้ำชุมชน', 'คาดว่าจะแล้วเสร็จตามแผน', 'https://news.example.com/8', '2026-05-08', 'neutral', 0, '2026-06-12 04:26:18', 1),
(59, 1, 4, 'ขยายผลโครงการพระราชดำริสู่ชุมชนต้นแบบ', 'สร้างรายได้และคุณภาพชีวิตที่ดีขึ้น', 'https://news.example.com/9', '2026-05-09', 'negative', 1, '2026-06-12 04:26:18', 1),
(60, 1, 5, 'ประชาชนชื่นชมโครงการพัฒนาแหล่งน้ำพระราชดำริ', 'สามารถใช้น้ำได้ตลอดปี', 'https://news.example.com/10', '2026-05-10', 'neutral', 0, '2026-06-12 04:26:18', 1),
(61, 1, 1, 'พัฒนาอ่างเก็บน้ำเพื่อรองรับภัยแล้ง', 'เพิ่มความมั่นคงด้านน้ำในพื้นที่', 'https://news.example.com/11', '2026-05-11', 'neutral', 0, '2026-06-12 04:26:18', 1),
(62, 1, 2, 'รายงานผลการดำเนินงานโครงการพระราชดำริประจำเดือน', 'ผลการดำเนินงานเป็นไปตามเป้าหมาย', 'https://news.example.com/12', '2026-05-12', 'neutral', 0, '2026-06-12 04:26:18', 1),
(63, 2, 1, 'ขยายพื้นที่ชลประทานในภาคกลาง', 'เพิ่มประสิทธิภาพการผลิตภาคเกษตร', 'https://news.example.com/13', '2026-05-13', 'neutral', 1, '2026-06-12 04:26:18', 1),
(64, 2, 2, 'ก่อสร้างคลองส่งน้ำสายใหม่แล้วเสร็จ', 'รองรับพื้นที่เกษตรเพิ่มขึ้น', 'https://news.example.com/14', '2026-05-14', 'neutral', 0, '2026-06-12 04:26:18', 1),
(65, 2, 3, 'เร่งพัฒนาแหล่งน้ำต้นทุนในพื้นที่เสี่ยงแล้ง', 'เตรียมพร้อมฤดูเพาะปลูก', 'https://news.example.com/15', '2026-05-15', 'neutral', 0, '2026-06-12 04:26:18', 1),
(66, 2, 4, 'เพิ่มประสิทธิภาพอ่างเก็บน้ำขนาดกลาง', 'รองรับความต้องการใช้น้ำที่เพิ่มขึ้น', 'https://news.example.com/16', '2026-05-16', 'neutral', 0, '2026-06-12 04:26:18', 1),
(67, 2, 5, 'พัฒนาแหล่งน้ำชุมชนในพื้นที่ชนบท', 'ยกระดับคุณภาพชีวิตประชาชน', 'https://news.example.com/17', '2026-05-17', 'neutral', 0, '2026-06-12 04:26:18', 1),
(68, 2, 1, 'ปรับปรุงระบบส่งน้ำเพื่อการเกษตร', 'ลดการสูญเสียน้ำในระบบ', 'https://news.example.com/18', '2026-05-18', 'neutral', 0, '2026-06-12 04:26:18', 1),
(69, 2, 2, 'ส่งเสริมการใช้น้ำอย่างมีประสิทธิภาพ', 'สร้างความยั่งยืนด้านทรัพยากรน้ำ', 'https://news.example.com/19', '2026-05-19', 'neutral', 0, '2026-06-12 04:26:18', 1),
(70, 2, 3, 'ก่อสร้างสถานีสูบน้ำแห่งใหม่', 'เพิ่มศักยภาพพื้นที่ชลประทาน', 'https://news.example.com/20', '2026-05-20', 'neutral', 0, '2026-06-12 04:26:18', 1),
(71, 2, 4, 'เร่งดำเนินงานโครงการพัฒนาแหล่งน้ำทั่วประเทศ', 'รองรับการเติบโตภาคเกษตร', 'https://news.example.com/21', '2026-05-21', 'neutral', 1, '2026-06-12 04:26:18', 1),
(72, 2, 5, 'เพิ่มพื้นที่รับน้ำในเขตชลประทาน', 'ช่วยลดผลกระทบจากภัยแล้ง', 'https://news.example.com/22', '2026-05-22', 'neutral', 0, '2026-06-12 04:26:18', 1),
(73, 2, 1, 'ชลประทานเดินหน้าพัฒนาแหล่งน้ำอย่างต่อเนื่อง', 'สนับสนุนเศรษฐกิจฐานราก', 'https://news.example.com/23', '2026-05-23', 'neutral', 0, '2026-06-12 04:26:18', 1),
(74, 2, 2, 'ติดตามผลโครงการคลองผันน้ำ', 'คาดช่วยเพิ่มปริมาณน้ำต้นทุน', 'https://news.example.com/24', '2026-05-24', 'neutral', 0, '2026-06-12 04:26:18', 1),
(75, 2, 3, 'เกษตรกรได้รับประโยชน์จากพื้นที่ชลประทานเพิ่มขึ้น', 'ลดความเสี่ยงจากการขาดแคลนน้ำ', 'https://news.example.com/25', '2026-05-25', 'neutral', 0, '2026-06-12 04:26:18', 1),
(76, 3, 1, 'เตรียมแผนรับมือฤดูฝนปี 2569', 'บริหารจัดการน้ำเชิงรุกในพื้นที่เสี่ยง', 'https://news.example.com/26', '2026-05-26', 'neutral', 1, '2026-06-12 04:26:18', 1),
(77, 3, 2, 'เร่งระบายน้ำในลุ่มน้ำเจ้าพระยา', 'ลดผลกระทบพื้นที่ลุ่มต่ำ', 'https://news.example.com/27', '2026-05-27', 'neutral', 0, '2026-06-12 04:26:18', 1),
(78, 3, 3, 'ติดตามสถานการณ์น้ำอย่างใกล้ชิด', 'เตรียมพร้อมรับมือฝนตกหนัก', 'https://news.example.com/28', '2026-05-28', 'neutral', 0, '2026-06-12 04:26:18', 1),
(79, 3, 4, 'บริหารจัดการเขื่อนให้สอดคล้องกับปริมาณน้ำฝน', 'ลดความเสี่ยงน้ำล้นอ่าง', 'https://news.example.com/29', '2026-05-29', 'neutral', 0, '2026-06-12 04:26:18', 1),
(80, 3, 5, 'แจ้งเตือนพื้นที่เสี่ยงน้ำท่วมฉับพลัน', 'ประชาชนเตรียมความพร้อม', 'https://news.example.com/30', '2026-05-30', 'neutral', 0, '2026-06-12 04:26:18', 1),
(81, 3, 1, 'ติดตั้งเครื่องสูบน้ำช่วยเหลือพื้นที่ประสบภัย', 'เร่งระบายน้ำออกจากชุมชน', 'https://news.example.com/31', '2026-05-31', 'neutral', 0, '2026-06-12 04:26:18', 1),
(82, 3, 2, 'เฝ้าระวังสถานการณ์น้ำในภาคเหนือ', 'ติดตามข้อมูลตลอด 24 ชั่วโมง', 'https://news.example.com/32', '2026-06-01', 'neutral', 0, '2026-06-12 04:26:18', 1),
(83, 3, 3, 'ลดความเสี่ยงน้ำท่วมด้วยระบบบริหารจัดการน้ำอัจฉริยะ', 'เพิ่มประสิทธิภาพการตัดสินใจ', 'https://news.example.com/33', '2026-06-02', 'neutral', 1, '2026-06-12 04:26:18', 1),
(84, 3, 4, 'ประเมินผลกระทบจากฝนตกหนักในหลายจังหวัด', 'วางแผนช่วยเหลืออย่างเร่งด่วน', 'https://news.example.com/34', '2026-06-03', 'neutral', 0, '2026-06-12 04:26:18', 1),
(85, 3, 5, 'สถานการณ์น้ำในอ่างเก็บน้ำอยู่ในเกณฑ์ดี', 'มีน้ำเพียงพอสำหรับฤดูเพาะปลูก', 'https://news.example.com/35', '2026-06-04', 'neutral', 0, '2026-06-12 04:26:18', 1),
(86, 3, 1, 'ชลประทานเร่งกำจัดสิ่งกีดขวางทางน้ำ', 'เพิ่มประสิทธิภาพการระบายน้ำ', 'https://news.example.com/36', '2026-06-05', 'neutral', 0, '2026-06-12 04:26:18', 1),
(87, 3, 2, 'ติดตามการบริหารน้ำในพื้นที่เศรษฐกิจสำคัญ', 'ลดผลกระทบต่อภาคอุตสาหกรรม', 'https://news.example.com/37', '2026-06-06', 'neutral', 0, '2026-06-12 04:26:18', 1),
(88, 3, 3, 'สรุปสถานการณ์น้ำรายสัปดาห์', 'ภาพรวมยังอยู่ในเกณฑ์ควบคุมได้', 'https://news.example.com/38', '2026-06-07', 'neutral', 0, '2026-06-12 04:26:18', 1),
(89, 4, 1, 'กรมชลประทานจัดกิจกรรมจิตอาสาพัฒนาแหล่งน้ำ', 'สร้างความสัมพันธ์กับชุมชน', 'https://news.example.com/39', '2026-06-08', 'neutral', 1, '2026-06-12 04:26:18', 1),
(90, 4, 2, 'เปิดบ้านชลประทานให้เยาวชนศึกษาเรียนรู้', 'ส่งเสริมความรู้ด้านน้ำ', 'https://news.example.com/40', '2026-06-09', 'neutral', 0, '2026-06-12 04:26:18', 1),
(91, 4, 3, 'จัดนิทรรศการผลงานเด่นด้านชลประทาน', 'เผยแพร่ความสำเร็จขององค์กร', 'https://news.example.com/41', '2026-06-10', 'neutral', 0, '2026-06-12 04:26:18', 1),
(92, 4, 4, 'ประชาสัมพันธ์ภารกิจบริหารจัดการน้ำผ่านสื่อออนไลน์', 'เข้าถึงประชาชนมากขึ้น', 'https://news.example.com/42', '2026-06-11', 'neutral', 0, '2026-06-12 04:26:18', 1),
(93, 4, 5, 'จัดอบรมบุคลากรด้านการสื่อสารองค์กร', 'พัฒนาทักษะการประชาสัมพันธ์', 'https://news.example.com/43', '2026-06-12', 'neutral', 0, '2026-06-12 04:26:18', 1),
(94, 4, 1, 'องค์กรได้รับรางวัลด้านการบริหารจัดการภาครัฐ', 'สะท้อนความสำเร็จในการดำเนินงาน', 'https://news.example.com/44', '2026-06-13', 'neutral', 1, '2026-06-12 04:26:18', 1),
(95, 4, 2, 'เผยแพร่ผลการดำเนินงานผ่านสื่อสาธารณะ', 'สร้างความเชื่อมั่นแก่ประชาชน', 'https://news.example.com/45', '2026-06-14', 'neutral', 0, '2026-06-12 04:26:18', 1),
(96, 4, 3, 'ร่วมกิจกรรมวันสิ่งแวดล้อมโลก', 'แสดงความรับผิดชอบต่อสังคม', 'https://news.example.com/46', '2026-06-15', 'neutral', 0, '2026-06-12 04:26:18', 1),
(97, 4, 4, 'เปิดช่องทางรับฟังความคิดเห็นประชาชน', 'ส่งเสริมการมีส่วนร่วม', 'https://news.example.com/47', '2026-06-16', 'neutral', 0, '2026-06-12 04:26:18', 1),
(98, 4, 5, 'ประชาชนชื่นชมการทำงานของกรมชลประทาน', 'สร้างภาพลักษณ์เชิงบวกต่อองค์กร', 'https://news.example.com/48', '2026-06-17', 'neutral', 0, '2026-06-12 04:26:18', 1),
(99, 4, 1, 'จัดกิจกรรม CSR ร่วมกับชุมชน', 'เสริมสร้างความสัมพันธ์อันดี', 'https://news.example.com/49', '2026-06-18', 'neutral', 0, '2026-06-12 04:26:18', 1),
(100, 4, 2, 'สรุปผลการประชาสัมพันธ์ประจำเดือน', 'การรับรู้ข่าวสารเพิ่มขึ้นอย่างต่อเนื่อง', 'https://news.example.com/50', '2026-06-19', 'neutral', 0, '2026-06-12 04:26:18', 1),
(101, 4, 1, 'บริหารน้ำ', 'ทดสอบ', 'http://localhost:3000/', '2026-06-12', 'neutral', 0, '2026-06-12 07:09:58', NULL);

-- --------------------------------------------------------

--
-- Table structure for table `news_sources`
--

CREATE TABLE IF NOT EXISTS `news_sources` (
`source_id` int(11) NOT NULL COMMENT 'รหัสแหล่งข่าว',
  `source_name` varchar(150) NOT NULL COMMENT 'ชื่อสำนักข่าว',
  `source_type` enum('online','print','tv','radio') DEFAULT 'online' COMMENT 'ออนไลน์/สิ่งพิมพ์/TV',
  `source_url` varchar(255) DEFAULT NULL COMMENT 'URL เว็บไซต์'
) ENGINE=InnoDB  DEFAULT CHARSET=utf8 AUTO_INCREMENT=12 ;

--
-- Dumping data for table `news_sources`
--

INSERT INTO `news_sources` (`source_id`, `source_name`, `source_type`, `source_url`) VALUES
(1, 'สชป.4', 'online', ''),
(2, 'คป.แพร่', 'online', ''),
(3, 'คป.กำแพงเพชร', 'online', ''),
(4, 'คป.ตาก', 'online', ''),
(5, 'คป.สุโขทัย', 'online', ''),
(6, 'คบ.แม่ยม', 'online', ''),
(7, 'คบ.ท่อทองแดง', 'online', ''),
(8, 'คบ.วังบัว', 'online', ''),
(9, 'คบ.วังยาง-หนองขวัญ', 'online', ''),
(10, 'คส.4', 'online', ''),
(11, 'คบ.สุโขทัย', 'online', '');

-- --------------------------------------------------------

--
-- Table structure for table `travel_approvals`
--

CREATE TABLE IF NOT EXISTS `travel_approvals` (
`approval_id` int(11) NOT NULL COMMENT 'รหัสการอนุมัติ',
  `request_id` int(11) NOT NULL COMMENT 'travel_requests',
  `approver_id` int(11) NOT NULL COMMENT 'users (ผู้อนุมัติ)',
  `approval_step` tinyint(4) NOT NULL COMMENT 'ลำดับขั้นตอน',
  `action` enum('approved','rejected','pending') DEFAULT 'pending' COMMENT 'approved/rejected/pending',
  `comment` text COMMENT 'ความเห็น',
  `action_at` timestamp NOT NULL DEFAULT CURRENT_TIMESTAMP ON UPDATE CURRENT_TIMESTAMP COMMENT 'เวลาดำเนินการ'
) ENGINE=InnoDB  DEFAULT CHARSET=utf8 AUTO_INCREMENT=101 ;

--
-- Dumping data for table `travel_approvals`
--

INSERT INTO `travel_approvals` (`approval_id`, `request_id`, `approver_id`, `approval_step`, `action`, `comment`, `action_at`) VALUES
(1, 1, 49, 1, 'approved', 'ผ่านการพิจารณา', '2026-06-12 04:45:51'),
(2, 1, 50, 2, 'approved', 'ดำเนินการตามขั้นตอน', '2026-06-12 04:45:51'),
(3, 2, 49, 1, 'approved', 'ผ่านการพิจารณา', '2026-06-12 04:45:51'),
(4, 2, 50, 2, 'approved', 'ดำเนินการตามขั้นตอน', '2026-06-12 04:45:51'),
(5, 3, 49, 1, 'approved', 'ผ่านการพิจารณา', '2026-06-12 04:45:51'),
(6, 3, 50, 2, 'approved', 'ดำเนินการตามขั้นตอน', '2026-06-12 04:45:51'),
(7, 4, 49, 1, 'approved', 'ผ่านการพิจารณา', '2026-06-12 04:45:51'),
(8, 4, 50, 2, 'approved', 'ดำเนินการตามขั้นตอน', '2026-06-12 04:45:51'),
(9, 5, 49, 1, 'approved', 'ผ่านการพิจารณา', '2026-06-12 04:45:51'),
(10, 5, 50, 2, 'pending', 'ดำเนินการตามขั้นตอน', '2026-06-12 04:45:51'),
(11, 6, 49, 1, 'approved', 'ผ่านการพิจารณา', '2026-06-12 04:45:51'),
(12, 6, 50, 2, 'approved', 'ดำเนินการตามขั้นตอน', '2026-06-12 04:45:51'),
(13, 7, 49, 1, 'approved', 'ผ่านการพิจารณา', '2026-06-12 04:45:51'),
(14, 7, 50, 2, 'approved', 'ดำเนินการตามขั้นตอน', '2026-06-12 04:45:51'),
(15, 8, 49, 1, 'approved', 'ผ่านการพิจารณา', '2026-06-12 04:45:51'),
(16, 8, 50, 2, 'approved', 'ดำเนินการตามขั้นตอน', '2026-06-12 04:45:51'),
(17, 9, 49, 1, 'approved', 'ผ่านการพิจารณา', '2026-06-12 04:45:51'),
(18, 9, 50, 2, 'approved', 'ดำเนินการตามขั้นตอน', '2026-06-12 04:45:51'),
(19, 10, 49, 1, 'approved', 'ผ่านการพิจารณา', '2026-06-12 04:45:51'),
(20, 10, 50, 2, 'pending', 'ดำเนินการตามขั้นตอน', '2026-06-12 04:45:51'),
(21, 11, 49, 1, 'approved', 'ผ่านการพิจารณา', '2026-06-12 04:45:51'),
(22, 11, 50, 2, 'approved', 'ดำเนินการตามขั้นตอน', '2026-06-12 04:45:51'),
(23, 12, 49, 1, 'approved', 'ผ่านการพิจารณา', '2026-06-12 04:45:51'),
(24, 12, 50, 2, 'approved', 'ดำเนินการตามขั้นตอน', '2026-06-12 04:45:51'),
(25, 13, 49, 1, 'approved', 'ผ่านการพิจารณา', '2026-06-12 04:45:51'),
(26, 13, 50, 2, 'approved', 'ดำเนินการตามขั้นตอน', '2026-06-12 04:45:51'),
(27, 14, 49, 1, 'approved', 'ผ่านการพิจารณา', '2026-06-12 04:45:51'),
(28, 14, 50, 2, 'approved', 'ดำเนินการตามขั้นตอน', '2026-06-12 04:45:51'),
(29, 15, 49, 1, 'approved', 'ผ่านการพิจารณา', '2026-06-12 04:45:51'),
(30, 15, 50, 2, 'pending', 'ดำเนินการตามขั้นตอน', '2026-06-12 04:45:51'),
(31, 16, 49, 1, 'approved', 'ผ่านการพิจารณา', '2026-06-12 04:45:51'),
(32, 16, 50, 2, 'approved', 'ดำเนินการตามขั้นตอน', '2026-06-12 04:45:51'),
(33, 17, 49, 1, 'approved', 'ผ่านการพิจารณา', '2026-06-12 04:45:51'),
(34, 17, 50, 2, 'approved', 'ดำเนินการตามขั้นตอน', '2026-06-12 04:45:51'),
(35, 18, 49, 1, 'approved', 'ผ่านการพิจารณา', '2026-06-12 04:45:51'),
(36, 18, 50, 2, 'approved', 'ดำเนินการตามขั้นตอน', '2026-06-12 04:45:51'),
(37, 19, 49, 1, 'approved', 'ผ่านการพิจารณา', '2026-06-12 04:45:51'),
(38, 19, 50, 2, 'approved', 'ดำเนินการตามขั้นตอน', '2026-06-12 04:45:51'),
(39, 20, 49, 1, 'approved', 'ผ่านการพิจารณา', '2026-06-12 04:45:51'),
(40, 20, 50, 2, 'pending', 'ดำเนินการตามขั้นตอน', '2026-06-12 04:45:51'),
(41, 21, 49, 1, 'approved', 'ผ่านการพิจารณา', '2026-06-12 04:45:51'),
(42, 21, 50, 2, 'approved', 'ดำเนินการตามขั้นตอน', '2026-06-12 04:45:51'),
(43, 22, 49, 1, 'approved', 'ผ่านการพิจารณา', '2026-06-12 04:45:51'),
(44, 22, 50, 2, 'approved', 'ดำเนินการตามขั้นตอน', '2026-06-12 04:45:51'),
(45, 23, 49, 1, 'approved', 'ผ่านการพิจารณา', '2026-06-12 04:45:51'),
(46, 23, 50, 2, 'approved', 'ดำเนินการตามขั้นตอน', '2026-06-12 04:45:51'),
(47, 24, 49, 1, 'approved', 'ผ่านการพิจารณา', '2026-06-12 04:45:51'),
(48, 24, 50, 2, 'approved', 'ดำเนินการตามขั้นตอน', '2026-06-12 04:45:51'),
(49, 25, 49, 1, 'approved', 'ผ่านการพิจารณา', '2026-06-12 04:45:51'),
(50, 25, 50, 2, 'pending', 'ดำเนินการตามขั้นตอน', '2026-06-12 04:45:51'),
(51, 26, 49, 1, 'approved', 'ผ่านการพิจารณา', '2026-06-12 04:45:51'),
(52, 26, 50, 2, 'approved', 'ดำเนินการตามขั้นตอน', '2026-06-12 04:45:51'),
(53, 27, 49, 1, 'approved', 'ผ่านการพิจารณา', '2026-06-12 04:45:51'),
(54, 27, 50, 2, 'approved', 'ดำเนินการตามขั้นตอน', '2026-06-12 04:45:51'),
(55, 28, 49, 1, 'approved', 'ผ่านการพิจารณา', '2026-06-12 04:45:51'),
(56, 28, 50, 2, 'approved', 'ดำเนินการตามขั้นตอน', '2026-06-12 04:45:51'),
(57, 29, 49, 1, 'approved', 'ผ่านการพิจารณา', '2026-06-12 04:45:51'),
(58, 29, 50, 2, 'approved', 'ดำเนินการตามขั้นตอน', '2026-06-12 04:45:51'),
(59, 30, 49, 1, 'approved', 'ผ่านการพิจารณา', '2026-06-12 04:45:51'),
(60, 30, 50, 2, 'pending', 'ดำเนินการตามขั้นตอน', '2026-06-12 04:45:51'),
(61, 31, 49, 1, 'approved', 'ผ่านการพิจารณา', '2026-06-12 04:45:51'),
(62, 31, 50, 2, 'approved', 'ดำเนินการตามขั้นตอน', '2026-06-12 04:45:51'),
(63, 32, 49, 1, 'approved', 'ผ่านการพิจารณา', '2026-06-12 04:45:51'),
(64, 32, 50, 2, 'approved', 'ดำเนินการตามขั้นตอน', '2026-06-12 04:45:51'),
(65, 33, 49, 1, 'approved', 'ผ่านการพิจารณา', '2026-06-12 04:45:51'),
(66, 33, 50, 2, 'approved', 'ดำเนินการตามขั้นตอน', '2026-06-12 04:45:51'),
(67, 34, 49, 1, 'approved', 'ผ่านการพิจารณา', '2026-06-12 04:45:51'),
(68, 34, 50, 2, 'approved', 'ดำเนินการตามขั้นตอน', '2026-06-12 04:45:51'),
(69, 35, 49, 1, 'approved', 'ผ่านการพิจารณา', '2026-06-12 04:45:51'),
(70, 35, 50, 2, 'pending', 'ดำเนินการตามขั้นตอน', '2026-06-12 04:45:51'),
(71, 36, 49, 1, 'approved', 'ผ่านการพิจารณา', '2026-06-12 04:45:51'),
(72, 36, 50, 2, 'approved', 'ดำเนินการตามขั้นตอน', '2026-06-12 04:45:51'),
(73, 37, 49, 1, 'approved', 'ผ่านการพิจารณา', '2026-06-12 04:45:51'),
(74, 37, 50, 2, 'approved', 'ดำเนินการตามขั้นตอน', '2026-06-12 04:45:51'),
(75, 38, 49, 1, 'approved', 'ผ่านการพิจารณา', '2026-06-12 04:45:51'),
(76, 38, 50, 2, 'approved', 'ดำเนินการตามขั้นตอน', '2026-06-12 04:45:51'),
(77, 39, 49, 1, 'approved', 'ผ่านการพิจารณา', '2026-06-12 04:45:51'),
(78, 39, 50, 2, 'approved', 'ดำเนินการตามขั้นตอน', '2026-06-12 04:45:51'),
(79, 40, 49, 1, 'approved', 'ผ่านการพิจารณา', '2026-06-12 04:45:51'),
(80, 40, 50, 2, 'pending', 'ดำเนินการตามขั้นตอน', '2026-06-12 04:45:51'),
(81, 41, 49, 1, 'approved', 'ผ่านการพิจารณา', '2026-06-12 04:45:51'),
(82, 41, 50, 2, 'approved', 'ดำเนินการตามขั้นตอน', '2026-06-12 04:45:51'),
(83, 42, 49, 1, 'approved', 'ผ่านการพิจารณา', '2026-06-12 04:45:51'),
(84, 42, 50, 2, 'approved', 'ดำเนินการตามขั้นตอน', '2026-06-12 04:45:51'),
(85, 43, 49, 1, 'approved', 'ผ่านการพิจารณา', '2026-06-12 04:45:51'),
(86, 43, 50, 2, 'approved', 'ดำเนินการตามขั้นตอน', '2026-06-12 04:45:51'),
(87, 44, 49, 1, 'approved', 'ผ่านการพิจารณา', '2026-06-12 04:45:51'),
(88, 44, 50, 2, 'approved', 'ดำเนินการตามขั้นตอน', '2026-06-12 04:45:51'),
(89, 45, 49, 1, 'approved', 'ผ่านการพิจารณา', '2026-06-12 04:45:51'),
(90, 45, 50, 2, 'pending', 'ดำเนินการตามขั้นตอน', '2026-06-12 04:45:51'),
(91, 46, 49, 1, 'approved', 'ผ่านการพิจารณา', '2026-06-12 04:45:51'),
(92, 46, 50, 2, 'approved', 'ดำเนินการตามขั้นตอน', '2026-06-12 04:45:51'),
(93, 47, 49, 1, 'approved', 'ผ่านการพิจารณา', '2026-06-12 04:45:51'),
(94, 47, 50, 2, 'approved', 'ดำเนินการตามขั้นตอน', '2026-06-12 04:45:51'),
(95, 48, 49, 1, 'approved', 'ผ่านการพิจารณา', '2026-06-12 04:45:51'),
(96, 48, 50, 2, 'approved', 'ดำเนินการตามขั้นตอน', '2026-06-12 04:45:51'),
(97, 49, 49, 1, 'approved', 'ผ่านการพิจารณา', '2026-06-12 04:45:51'),
(98, 49, 50, 2, 'approved', 'ดำเนินการตามขั้นตอน', '2026-06-12 04:45:51'),
(99, 50, 49, 1, 'approved', 'ผ่านการพิจารณา', '2026-06-12 04:45:51'),
(100, 50, 50, 2, 'pending', 'ดำเนินการตามขั้นตอน', '2026-06-12 04:45:51');

-- --------------------------------------------------------

--
-- Table structure for table `travel_participants`
--

CREATE TABLE IF NOT EXISTS `travel_participants` (
`participant_id` int(11) NOT NULL COMMENT 'รหัส',
  `request_id` int(11) NOT NULL COMMENT 'travel_requests',
  `user_id` int(11) NOT NULL COMMENT 'users',
  `role` enum('leader','member','driver') DEFAULT 'member' COMMENT 'หัวหน้า/ผู้ร่วม/คนขับ',
  `remark` varchar(200) DEFAULT NULL COMMENT 'หมายเหตุ'
) ENGINE=InnoDB  DEFAULT CHARSET=utf8 AUTO_INCREMENT=151 ;

--
-- Dumping data for table `travel_participants`
--

INSERT INTO `travel_participants` (`participant_id`, `request_id`, `user_id`, `role`, `remark`) VALUES
(1, 1, 1, 'leader', 'หัวหน้าคณะ'),
(2, 1, 2, 'member', 'ผู้ร่วมเดินทาง'),
(3, 1, 3, 'member', 'ผู้ร่วมเดินทาง'),
(4, 2, 2, 'leader', 'หัวหน้าคณะ'),
(5, 2, 3, 'member', 'ผู้ร่วมเดินทาง'),
(6, 2, 4, 'member', 'ผู้ร่วมเดินทาง'),
(7, 3, 3, 'leader', 'หัวหน้าคณะ'),
(8, 3, 4, 'member', 'ผู้ร่วมเดินทาง'),
(9, 3, 5, 'member', 'ผู้ร่วมเดินทาง'),
(10, 4, 4, 'leader', 'หัวหน้าคณะ'),
(11, 4, 5, 'member', 'ผู้ร่วมเดินทาง'),
(12, 4, 6, 'member', 'ผู้ร่วมเดินทาง'),
(13, 5, 5, 'leader', 'หัวหน้าคณะ'),
(14, 5, 6, 'member', 'ผู้ร่วมเดินทาง'),
(15, 5, 7, 'member', 'ผู้ร่วมเดินทาง'),
(16, 6, 6, 'leader', 'หัวหน้าคณะ'),
(17, 6, 7, 'member', 'ผู้ร่วมเดินทาง'),
(18, 6, 8, 'member', 'ผู้ร่วมเดินทาง'),
(19, 7, 7, 'leader', 'หัวหน้าคณะ'),
(20, 7, 8, 'member', 'ผู้ร่วมเดินทาง'),
(21, 7, 9, 'member', 'ผู้ร่วมเดินทาง'),
(22, 8, 8, 'leader', 'หัวหน้าคณะ'),
(23, 8, 9, 'member', 'ผู้ร่วมเดินทาง'),
(24, 8, 10, 'member', 'ผู้ร่วมเดินทาง'),
(25, 9, 9, 'leader', 'หัวหน้าคณะ'),
(26, 9, 10, 'member', 'ผู้ร่วมเดินทาง'),
(27, 9, 11, 'member', 'ผู้ร่วมเดินทาง'),
(28, 10, 10, 'leader', 'หัวหน้าคณะ'),
(29, 10, 11, 'member', 'ผู้ร่วมเดินทาง'),
(30, 10, 12, 'member', 'ผู้ร่วมเดินทาง'),
(31, 11, 11, 'leader', 'หัวหน้าคณะ'),
(32, 11, 12, 'member', 'ผู้ร่วมเดินทาง'),
(33, 11, 13, 'member', 'ผู้ร่วมเดินทาง'),
(34, 12, 12, 'leader', 'หัวหน้าคณะ'),
(35, 12, 13, 'member', 'ผู้ร่วมเดินทาง'),
(36, 12, 14, 'member', 'ผู้ร่วมเดินทาง'),
(37, 13, 13, 'leader', 'หัวหน้าคณะ'),
(38, 13, 14, 'member', 'ผู้ร่วมเดินทาง'),
(39, 13, 15, 'member', 'ผู้ร่วมเดินทาง'),
(40, 14, 14, 'leader', 'หัวหน้าคณะ'),
(41, 14, 15, 'member', 'ผู้ร่วมเดินทาง'),
(42, 14, 16, 'member', 'ผู้ร่วมเดินทาง'),
(43, 15, 15, 'leader', 'หัวหน้าคณะ'),
(44, 15, 16, 'member', 'ผู้ร่วมเดินทาง'),
(45, 15, 17, 'member', 'ผู้ร่วมเดินทาง'),
(46, 16, 16, 'leader', 'หัวหน้าคณะ'),
(47, 16, 17, 'member', 'ผู้ร่วมเดินทาง'),
(48, 16, 18, 'member', 'ผู้ร่วมเดินทาง'),
(49, 17, 17, 'leader', 'หัวหน้าคณะ'),
(50, 17, 18, 'member', 'ผู้ร่วมเดินทาง'),
(51, 17, 19, 'member', 'ผู้ร่วมเดินทาง'),
(52, 18, 18, 'leader', 'หัวหน้าคณะ'),
(53, 18, 19, 'member', 'ผู้ร่วมเดินทาง'),
(54, 18, 20, 'member', 'ผู้ร่วมเดินทาง'),
(55, 19, 19, 'leader', 'หัวหน้าคณะ'),
(56, 19, 20, 'member', 'ผู้ร่วมเดินทาง'),
(57, 19, 21, 'member', 'ผู้ร่วมเดินทาง'),
(58, 20, 20, 'leader', 'หัวหน้าคณะ'),
(59, 20, 21, 'member', 'ผู้ร่วมเดินทาง'),
(60, 20, 22, 'member', 'ผู้ร่วมเดินทาง'),
(61, 21, 21, 'leader', 'หัวหน้าคณะ'),
(62, 21, 22, 'member', 'ผู้ร่วมเดินทาง'),
(63, 21, 23, 'member', 'ผู้ร่วมเดินทาง'),
(64, 22, 22, 'leader', 'หัวหน้าคณะ'),
(65, 22, 23, 'member', 'ผู้ร่วมเดินทาง'),
(66, 22, 24, 'member', 'ผู้ร่วมเดินทาง'),
(67, 23, 23, 'leader', 'หัวหน้าคณะ'),
(68, 23, 24, 'member', 'ผู้ร่วมเดินทาง'),
(69, 23, 25, 'member', 'ผู้ร่วมเดินทาง'),
(70, 24, 24, 'leader', 'หัวหน้าคณะ'),
(71, 24, 25, 'member', 'ผู้ร่วมเดินทาง'),
(72, 24, 26, 'member', 'ผู้ร่วมเดินทาง'),
(73, 25, 25, 'leader', 'หัวหน้าคณะ'),
(74, 25, 26, 'member', 'ผู้ร่วมเดินทาง'),
(75, 25, 27, 'member', 'ผู้ร่วมเดินทาง'),
(76, 26, 26, 'leader', 'หัวหน้าคณะ'),
(77, 26, 27, 'member', 'ผู้ร่วมเดินทาง'),
(78, 26, 28, 'member', 'ผู้ร่วมเดินทาง'),
(79, 27, 27, 'leader', 'หัวหน้าคณะ'),
(80, 27, 28, 'member', 'ผู้ร่วมเดินทาง'),
(81, 27, 29, 'member', 'ผู้ร่วมเดินทาง'),
(82, 28, 28, 'leader', 'หัวหน้าคณะ'),
(83, 28, 29, 'member', 'ผู้ร่วมเดินทาง'),
(84, 28, 30, 'member', 'ผู้ร่วมเดินทาง'),
(85, 29, 29, 'leader', 'หัวหน้าคณะ'),
(86, 29, 30, 'member', 'ผู้ร่วมเดินทาง'),
(87, 29, 31, 'member', 'ผู้ร่วมเดินทาง'),
(88, 30, 30, 'leader', 'หัวหน้าคณะ'),
(89, 30, 31, 'member', 'ผู้ร่วมเดินทาง'),
(90, 30, 32, 'member', 'ผู้ร่วมเดินทาง'),
(91, 31, 31, 'leader', 'หัวหน้าคณะ'),
(92, 31, 32, 'member', 'ผู้ร่วมเดินทาง'),
(93, 31, 33, 'member', 'ผู้ร่วมเดินทาง'),
(94, 32, 32, 'leader', 'หัวหน้าคณะ'),
(95, 32, 33, 'member', 'ผู้ร่วมเดินทาง'),
(96, 32, 34, 'member', 'ผู้ร่วมเดินทาง'),
(97, 33, 33, 'leader', 'หัวหน้าคณะ'),
(98, 33, 34, 'member', 'ผู้ร่วมเดินทาง'),
(99, 33, 35, 'member', 'ผู้ร่วมเดินทาง'),
(100, 34, 34, 'leader', 'หัวหน้าคณะ'),
(101, 34, 35, 'member', 'ผู้ร่วมเดินทาง'),
(102, 34, 36, 'member', 'ผู้ร่วมเดินทาง'),
(103, 35, 35, 'leader', 'หัวหน้าคณะ'),
(104, 35, 36, 'member', 'ผู้ร่วมเดินทาง'),
(105, 35, 37, 'member', 'ผู้ร่วมเดินทาง'),
(106, 36, 36, 'leader', 'หัวหน้าคณะ'),
(107, 36, 37, 'member', 'ผู้ร่วมเดินทาง'),
(108, 36, 38, 'member', 'ผู้ร่วมเดินทาง'),
(109, 37, 37, 'leader', 'หัวหน้าคณะ'),
(110, 37, 38, 'member', 'ผู้ร่วมเดินทาง'),
(111, 37, 39, 'member', 'ผู้ร่วมเดินทาง'),
(112, 38, 38, 'leader', 'หัวหน้าคณะ'),
(113, 38, 39, 'member', 'ผู้ร่วมเดินทาง'),
(114, 38, 40, 'member', 'ผู้ร่วมเดินทาง'),
(115, 39, 39, 'leader', 'หัวหน้าคณะ'),
(116, 39, 40, 'member', 'ผู้ร่วมเดินทาง'),
(117, 39, 41, 'member', 'ผู้ร่วมเดินทาง'),
(118, 40, 40, 'leader', 'หัวหน้าคณะ'),
(119, 40, 41, 'member', 'ผู้ร่วมเดินทาง'),
(120, 40, 42, 'member', 'ผู้ร่วมเดินทาง'),
(121, 41, 41, 'leader', 'หัวหน้าคณะ'),
(122, 41, 42, 'member', 'ผู้ร่วมเดินทาง'),
(123, 41, 43, 'member', 'ผู้ร่วมเดินทาง'),
(124, 42, 42, 'leader', 'หัวหน้าคณะ'),
(125, 42, 43, 'member', 'ผู้ร่วมเดินทาง'),
(126, 42, 44, 'member', 'ผู้ร่วมเดินทาง'),
(127, 43, 43, 'leader', 'หัวหน้าคณะ'),
(128, 43, 44, 'member', 'ผู้ร่วมเดินทาง'),
(129, 43, 45, 'member', 'ผู้ร่วมเดินทาง'),
(130, 44, 44, 'leader', 'หัวหน้าคณะ'),
(131, 44, 45, 'member', 'ผู้ร่วมเดินทาง'),
(132, 44, 46, 'member', 'ผู้ร่วมเดินทาง'),
(133, 45, 45, 'leader', 'หัวหน้าคณะ'),
(134, 45, 46, 'member', 'ผู้ร่วมเดินทาง'),
(135, 45, 47, 'member', 'ผู้ร่วมเดินทาง'),
(136, 46, 46, 'leader', 'หัวหน้าคณะ'),
(137, 46, 47, 'member', 'ผู้ร่วมเดินทาง'),
(138, 46, 48, 'member', 'ผู้ร่วมเดินทาง'),
(139, 47, 47, 'leader', 'หัวหน้าคณะ'),
(140, 47, 48, 'member', 'ผู้ร่วมเดินทาง'),
(141, 47, 49, 'member', 'ผู้ร่วมเดินทาง'),
(142, 48, 48, 'leader', 'หัวหน้าคณะ'),
(143, 48, 49, 'member', 'ผู้ร่วมเดินทาง'),
(144, 48, 50, 'member', 'ผู้ร่วมเดินทาง'),
(145, 49, 49, 'leader', 'หัวหน้าคณะ'),
(146, 49, 50, 'member', 'ผู้ร่วมเดินทาง'),
(147, 49, 1, 'member', 'ผู้ร่วมเดินทาง'),
(148, 50, 50, 'leader', 'หัวหน้าคณะ'),
(149, 50, 1, 'member', 'ผู้ร่วมเดินทาง'),
(150, 50, 2, 'member', 'ผู้ร่วมเดินทาง');

-- --------------------------------------------------------

--
-- Table structure for table `travel_requests`
--

CREATE TABLE IF NOT EXISTS `travel_requests` (
`request_id` int(11) NOT NULL COMMENT 'รหัสคำขอ',
  `doc_number` varchar(30) DEFAULT NULL COMMENT 'เลขที่เอกสาร ชป.318',
  `requester_id` int(11) NOT NULL COMMENT 'users (ผู้ขอ)',
  `purpose` text NOT NULL COMMENT 'วัตถุประสงค์',
  `destination` varchar(300) NOT NULL COMMENT 'สถานที่ปลายทาง',
  `depart_date` date NOT NULL COMMENT 'วันที่ออกเดินทาง',
  `return_date` date NOT NULL COMMENT 'วันที่กลับ',
  `travel_days` int(11) DEFAULT '0' COMMENT 'จำนวนวัน',
  `transport_type` enum('gov_car','plane','train','bus','private') DEFAULT NULL COMMENT 'รถราชการ/เครื่องบิน/รถไฟ',
  `status` enum('draft','pending','approved','rejected') DEFAULT 'draft' COMMENT 'draft/pending/approved/rejected',
  `budget_code` varchar(50) DEFAULT NULL COMMENT 'รหัสงบประมาณ',
  `created_at` timestamp NOT NULL DEFAULT CURRENT_TIMESTAMP COMMENT 'วันที่สร้าง'
) ENGINE=InnoDB  DEFAULT CHARSET=utf8 AUTO_INCREMENT=51 ;

--
-- Dumping data for table `travel_requests`
--

INSERT INTO `travel_requests` (`request_id`, `doc_number`, `requester_id`, `purpose`, `destination`, `depart_date`, `return_date`, `travel_days`, `transport_type`, `status`, `budget_code`, `created_at`) VALUES
(1, 'ชป318-2569-001', 1, 'ประชุมติดตามโครงการชลประทาน', 'กรุงเทพมหานคร', '2026-01-05', '2026-01-06', 2, 'gov_car', 'approved', 'BUD-2026-001', '2026-06-12 04:39:22'),
(2, 'ชป318-2569-002', 2, 'ตรวจราชการโครงการส่งน้ำ', 'พิษณุโลก', '2026-01-08', '2026-01-09', 2, 'gov_car', 'approved', 'BUD-2026-002', '2026-06-12 04:39:22'),
(3, 'ชป318-2569-003', 3, 'ประชุมเชิงปฏิบัติการ', 'เชียงใหม่', '2026-01-10', '2026-01-12', 3, 'plane', 'approved', 'BUD-2026-003', '2026-06-12 04:39:22'),
(4, 'ชป318-2569-004', 4, 'ติดตามงานก่อสร้างอาคารชลประทาน', 'นครสวรรค์', '2026-01-15', '2026-01-16', 2, 'gov_car', 'pending', 'BUD-2026-004', '2026-06-12 04:39:22'),
(5, 'ชป318-2569-005', 5, 'อบรมระบบสารสนเทศ', 'กรุงเทพมหานคร', '2026-01-18', '2026-01-20', 3, 'plane', 'approved', 'BUD-2026-005', '2026-06-12 04:39:22'),
(6, 'ชป318-2569-006', 6, 'ประชุมคณะกรรมการ', 'เพชรบูรณ์', '2026-01-22', '2026-01-22', 1, 'gov_car', 'approved', 'BUD-2026-006', '2026-06-12 04:39:22'),
(7, 'ชป318-2569-007', 7, 'ติดตามแผนงานงบประมาณ', 'ลพบุรี', '2026-01-25', '2026-01-26', 2, 'gov_car', 'pending', 'BUD-2026-007', '2026-06-12 04:39:22'),
(8, 'ชป318-2569-008', 8, 'ตรวจสอบสถานีสูบน้ำ', 'ชัยนาท', '2026-01-28', '2026-01-29', 2, 'gov_car', 'approved', 'BUD-2026-008', '2026-06-12 04:39:22'),
(9, 'ชป318-2569-009', 9, 'ประชุมผู้บริหาร', 'กรุงเทพมหานคร', '2026-02-02', '2026-02-03', 2, 'plane', 'approved', 'BUD-2026-009', '2026-06-12 04:39:22'),
(10, 'ชป318-2569-010', 10, 'ศึกษาดูงานระบบชลประทาน', 'ขอนแก่น', '2026-02-05', '2026-02-07', 3, 'bus', 'approved', 'BUD-2026-010', '2026-06-12 04:39:22'),
(11, 'ชป318-2569-011', 11, 'ติดตามโครงการพระราชดำริ', 'เชียงราย', '2026-02-08', '2026-02-10', 3, 'plane', 'approved', 'BUD-2026-011', '2026-06-12 04:39:22'),
(12, 'ชป318-2569-012', 12, 'ประชุมวิชาการ', 'นครราชสีมา', '2026-02-12', '2026-02-13', 2, 'train', 'approved', 'BUD-2026-012', '2026-06-12 04:39:22'),
(13, 'ชป318-2569-013', 13, 'ตรวจพื้นที่เสี่ยงน้ำท่วม', 'สุโขทัย', '2026-02-15', '2026-02-16', 2, 'gov_car', 'approved', 'BUD-2026-013', '2026-06-12 04:39:22'),
(14, 'ชป318-2569-014', 14, 'อบรมบุคลากร', 'กรุงเทพมหานคร', '2026-02-18', '2026-02-20', 3, 'plane', 'pending', 'BUD-2026-014', '2026-06-12 04:39:22'),
(15, 'ชป318-2569-015', 15, 'ติดตามงานซ่อมแซมคลอง', 'พิจิตร', '2026-02-22', '2026-02-23', 2, 'gov_car', 'approved', 'BUD-2026-015', '2026-06-12 04:39:22'),
(16, 'ชป318-2569-016', 16, 'ประชุมจัดทำแผนงาน', 'กรุงเทพมหานคร', '2026-03-01', '2026-03-02', 2, 'plane', 'approved', 'BUD-2026-016', '2026-06-12 04:39:22'),
(17, 'ชป318-2569-017', 17, 'ตรวจงานก่อสร้าง', 'ตาก', '2026-03-03', '2026-03-05', 3, 'gov_car', 'approved', 'BUD-2026-017', '2026-06-12 04:39:22'),
(18, 'ชป318-2569-018', 18, 'ศึกษาดูงานด้านน้ำ', 'อุบลราชธานี', '2026-03-08', '2026-03-10', 3, 'plane', 'approved', 'BUD-2026-018', '2026-06-12 04:39:22'),
(19, 'ชป318-2569-019', 19, 'ประชุมคณะทำงาน', 'กรุงเทพมหานคร', '2026-03-12', '2026-03-13', 2, 'plane', 'pending', 'BUD-2026-019', '2026-06-12 04:39:22'),
(20, 'ชป318-2569-020', 20, 'ติดตามสถานการณ์น้ำ', 'ชัยภูมิ', '2026-03-15', '2026-03-16', 2, 'gov_car', 'approved', 'BUD-2026-020', '2026-06-12 04:39:22'),
(21, 'ชป318-2569-021', 21, 'ตรวจโครงการชลประทาน', 'นครสวรรค์', '2026-03-18', '2026-03-19', 2, 'gov_car', 'approved', 'BUD-2026-021', '2026-06-12 04:39:22'),
(22, 'ชป318-2569-022', 22, 'ประชุมแผนงบประมาณ', 'กรุงเทพมหานคร', '2026-03-20', '2026-03-21', 2, 'plane', 'approved', 'BUD-2026-022', '2026-06-12 04:39:22'),
(23, 'ชป318-2569-023', 23, 'ติดตามการระบายน้ำ', 'กำแพงเพชร', '2026-03-23', '2026-03-24', 2, 'gov_car', 'approved', 'BUD-2026-023', '2026-06-12 04:39:22'),
(24, 'ชป318-2569-024', 24, 'อบรมการใช้งานระบบใหม่', 'กรุงเทพมหานคร', '2026-03-26', '2026-03-28', 3, 'plane', 'approved', 'BUD-2026-024', '2026-06-12 04:39:22'),
(25, 'ชป318-2569-025', 25, 'ตรวจสอบอาคารชลประทาน', 'พิษณุโลก', '2026-03-30', '2026-03-31', 2, 'gov_car', 'rejected', 'BUD-2026-025', '2026-06-12 04:39:22'),
(26, 'ชป318-2569-026', 26, 'ประชุมติดตามงาน', 'กรุงเทพมหานคร', '2026-04-02', '2026-04-03', 2, 'plane', 'approved', 'BUD-2026-026', '2026-06-12 04:39:22'),
(27, 'ชป318-2569-027', 27, 'ตรวจโครงการส่งน้ำ', 'พิจิตร', '2026-04-05', '2026-04-06', 2, 'gov_car', 'approved', 'BUD-2026-027', '2026-06-12 04:39:22'),
(28, 'ชป318-2569-028', 28, 'ศึกษาดูงาน', 'เชียงใหม่', '2026-04-08', '2026-04-10', 3, 'plane', 'approved', 'BUD-2026-028', '2026-06-12 04:39:22'),
(29, 'ชป318-2569-029', 29, 'ประชุมคณะกรรมการ', 'กรุงเทพมหานคร', '2026-04-12', '2026-04-13', 2, 'plane', 'pending', 'BUD-2026-029', '2026-06-12 04:39:22'),
(30, 'ชป318-2569-030', 30, 'ติดตามสถานการณ์น้ำ', 'ลำปาง', '2026-04-15', '2026-04-16', 2, 'gov_car', 'approved', 'BUD-2026-030', '2026-06-12 04:39:22'),
(31, 'ชป318-2569-031', 31, 'ตรวจงานก่อสร้าง', 'ตาก', '2026-04-18', '2026-04-19', 2, 'gov_car', 'approved', 'BUD-2026-031', '2026-06-12 04:39:22'),
(32, 'ชป318-2569-032', 32, 'อบรมวิชาการ', 'กรุงเทพมหานคร', '2026-04-20', '2026-04-22', 3, 'plane', 'approved', 'BUD-2026-032', '2026-06-12 04:39:22'),
(33, 'ชป318-2569-033', 33, 'ประชุมผู้บริหาร', 'กรุงเทพมหานคร', '2026-04-25', '2026-04-26', 2, 'plane', 'approved', 'BUD-2026-033', '2026-06-12 04:39:22'),
(34, 'ชป318-2569-034', 34, 'ติดตามโครงการน้ำ', 'สุโขทัย', '2026-04-28', '2026-04-29', 2, 'gov_car', 'approved', 'BUD-2026-034', '2026-06-12 04:39:22'),
(35, 'ชป318-2569-035', 35, 'ตรวจสถานีสูบน้ำ', 'อุตรดิตถ์', '2026-05-01', '2026-05-02', 2, 'gov_car', 'rejected', 'BUD-2026-035', '2026-06-12 04:39:22'),
(36, 'ชป318-2569-036', 36, 'ประชุมจัดทำแผน', 'กรุงเทพมหานคร', '2026-05-05', '2026-05-06', 2, 'plane', 'approved', 'BUD-2026-036', '2026-06-12 04:39:22'),
(37, 'ชป318-2569-037', 37, 'ติดตามการก่อสร้าง', 'พิษณุโลก', '2026-05-08', '2026-05-09', 2, 'gov_car', 'approved', 'BUD-2026-037', '2026-06-12 04:39:22'),
(38, 'ชป318-2569-038', 38, 'ศึกษาดูงานต่างจังหวัด', 'เชียงราย', '2026-05-10', '2026-05-12', 3, 'plane', 'approved', 'BUD-2026-038', '2026-06-12 04:39:22'),
(39, 'ชป318-2569-039', 39, 'ประชุมวิชาการ', 'กรุงเทพมหานคร', '2026-05-15', '2026-05-16', 2, 'plane', 'pending', 'BUD-2026-039', '2026-06-12 04:39:22'),
(40, 'ชป318-2569-040', 40, 'ติดตามสถานการณ์น้ำ', 'เพชรบูรณ์', '2026-05-18', '2026-05-19', 2, 'gov_car', 'approved', 'BUD-2026-040', '2026-06-12 04:39:22'),
(41, 'ชป318-2569-041', 41, 'ตรวจงานซ่อมแซมคลอง', 'ชัยนาท', '2026-05-21', '2026-05-22', 2, 'gov_car', 'approved', 'BUD-2026-041', '2026-06-12 04:39:22'),
(42, 'ชป318-2569-042', 42, 'ประชุมคณะทำงาน', 'กรุงเทพมหานคร', '2026-05-24', '2026-05-25', 2, 'plane', 'approved', 'BUD-2026-042', '2026-06-12 04:39:22'),
(43, 'ชป318-2569-043', 43, 'ติดตามแผนงานงบประมาณ', 'ลพบุรี', '2026-05-27', '2026-05-28', 2, 'gov_car', 'approved', 'BUD-2026-043', '2026-06-12 04:39:22'),
(44, 'ชป318-2569-044', 44, 'อบรมระบบสารสนเทศ', 'กรุงเทพมหานคร', '2026-06-01', '2026-06-03', 3, 'plane', 'approved', 'BUD-2026-044', '2026-06-12 04:39:22'),
(45, 'ชป318-2569-045', 45, 'ตรวจงานก่อสร้างอาคารชลประทาน', 'นครสวรรค์', '2026-06-05', '2026-06-06', 2, 'gov_car', 'rejected', 'BUD-2026-045', '2026-06-12 04:39:22'),
(46, 'ชป318-2569-046', 46, 'ประชุมผู้บริหาร', 'กรุงเทพมหานคร', '2026-06-07', '2026-06-08', 2, 'plane', 'approved', 'BUD-2026-046', '2026-06-12 04:39:22'),
(47, 'ชป318-2569-047', 47, 'ติดตามสถานการณ์น้ำ', 'กำแพงเพชร', '2026-06-09', '2026-06-10', 2, 'gov_car', 'approved', 'BUD-2026-047', '2026-06-12 04:39:22'),
(48, 'ชป318-2569-048', 48, 'ศึกษาดูงาน', 'เชียงใหม่', '2026-06-11', '2026-06-13', 3, 'plane', 'approved', 'BUD-2026-048', '2026-06-12 04:39:22'),
(49, 'ชป318-2569-049', 49, 'ประชุมจัดทำแผน', 'กรุงเทพมหานคร', '2026-06-15', '2026-06-16', 2, 'plane', 'pending', 'BUD-2026-049', '2026-06-12 04:39:22'),
(50, 'ชป318-2569-050', 50, 'ตรวจโครงการชลประทาน', 'พิษณุโลก', '2026-06-18', '2026-06-19', 2, 'gov_car', 'approved', 'BUD-2026-050', '2026-06-12 04:39:22');

-- --------------------------------------------------------

--
-- Table structure for table `users`
--

CREATE TABLE IF NOT EXISTS `users` (
`user_id` int(11) NOT NULL COMMENT 'รหัสบุคลากร',
  `employee_code` varchar(20) DEFAULT NULL COMMENT 'รหัสพนักงาน',
  `full_name` varchar(200) NOT NULL COMMENT 'ชื่อ-นามสกุล',
  `position` varchar(150) DEFAULT NULL COMMENT 'ตำแหน่ง',
  `department` varchar(100) DEFAULT NULL COMMENT 'แผนก/ฝ่าย',
  `level` varchar(50) DEFAULT NULL COMMENT 'ระดับ',
  `email` varchar(150) DEFAULT NULL COMMENT 'อีเมล์',
  `phone` varchar(20) DEFAULT NULL COMMENT 'เบอร์โทร',
  `is_active` tinyint(1) DEFAULT '1'
) ENGINE=InnoDB  DEFAULT CHARSET=utf8 AUTO_INCREMENT=51 ;

--
-- Dumping data for table `users`
--

INSERT INTO `users` (`user_id`, `employee_code`, `full_name`, `position`, `department`, `level`, `email`, `phone`, `is_active`) VALUES
(1, 'EMP001', 'สมชาย ใจดี', 'วิศวกรชลประทาน', 'ฝ่ายบริหารทั่วไป', 'ชำนาญการ', 'emp001@rid4.go.th', '0810000001', 1),
(2, 'EMP002', 'สมหญิง ศรีสุข', 'นักวิเคราะห์นโยบายและแผน', 'ฝ่ายแผนงาน', 'ชำนาญการ', 'emp002@rid4.go.th', '0810000002', 1),
(3, 'EMP003', 'วิชัย ทองดี', 'เจ้าพนักงานธุรการ', 'ฝ่ายบริหารทั่วไป', 'ปฏิบัติงาน', 'emp003@rid4.go.th', '0810000003', 1),
(4, 'EMP004', 'กิตติพงษ์ มีสุข', 'วิศวกรโยธา', 'ฝ่ายก่อสร้าง', 'ชำนาญการ', 'emp004@rid4.go.th', '0810000004', 1),
(5, 'EMP005', 'อรทัย แก้วงาม', 'นักทรัพยากรบุคคล', 'ฝ่ายบุคคล', 'ชำนาญการ', 'emp005@rid4.go.th', '0810000005', 1),
(6, 'EMP006', 'ธีรศักดิ์ พูลทรัพย์', 'วิศวกรชลประทาน', 'ฝ่ายส่งน้ำ', 'ชำนาญการ', 'emp006@rid4.go.th', '0810000006', 1),
(7, 'EMP007', 'พรทิพย์ ศรีทอง', 'นักวิชาการเงินและบัญชี', 'ฝ่ายการเงิน', 'ชำนาญการ', 'emp007@rid4.go.th', '0810000007', 1),
(8, 'EMP008', 'อนุชา มั่นคง', 'นายช่างชลประทาน', 'ฝ่ายส่งน้ำ', 'ปฏิบัติงาน', 'emp008@rid4.go.th', '0810000008', 1),
(9, 'EMP009', 'ปรีชา แสงทอง', 'วิศวกรโยธา', 'ฝ่ายก่อสร้าง', 'ชำนาญการ', 'emp009@rid4.go.th', '0810000009', 1),
(10, 'EMP010', 'จิราพร บุญมาก', 'เจ้าพนักงานพัสดุ', 'ฝ่ายพัสดุ', 'ปฏิบัติงาน', 'emp010@rid4.go.th', '0810000010', 1),
(11, 'EMP011', 'ณัฐพล คำดี', 'วิศวกรชลประทาน', 'ฝ่ายส่งน้ำ', 'ชำนาญการ', 'emp011@rid4.go.th', '0810000011', 1),
(12, 'EMP012', 'พัชรี อินทร์ทอง', 'นักวิเคราะห์นโยบายและแผน', 'ฝ่ายแผนงาน', 'ชำนาญการ', 'emp012@rid4.go.th', '0810000012', 1),
(13, 'EMP013', 'สมศักดิ์ มีทรัพย์', 'นายช่างชลประทาน', 'ฝ่ายก่อสร้าง', 'ปฏิบัติงาน', 'emp013@rid4.go.th', '0810000013', 1),
(14, 'EMP014', 'กนกวรรณ สุขใจ', 'เจ้าพนักงานธุรการ', 'ฝ่ายบริหารทั่วไป', 'ปฏิบัติงาน', 'emp014@rid4.go.th', '0810000014', 1),
(15, 'EMP015', 'อดิศักดิ์ วัฒนะ', 'วิศวกรชลประทาน', 'ฝ่ายส่งน้ำ', 'ชำนาญการพิเศษ', 'emp015@rid4.go.th', '0810000015', 1),
(16, 'EMP016', 'ศิริพร รุ่งเรือง', 'นักทรัพยากรบุคคล', 'ฝ่ายบุคคล', 'ชำนาญการ', 'emp016@rid4.go.th', '0810000016', 1),
(17, 'EMP017', 'วีระชัย บุญส่ง', 'วิศวกรโยธา', 'ฝ่ายก่อสร้าง', 'ชำนาญการ', 'emp017@rid4.go.th', '0810000017', 1),
(18, 'EMP018', 'รุ่งนภา พรหมมา', 'นักวิชาการเงินและบัญชี', 'ฝ่ายการเงิน', 'ชำนาญการ', 'emp018@rid4.go.th', '0810000018', 1),
(19, 'EMP019', 'สุรชัย ทองคำ', 'นายช่างชลประทาน', 'ฝ่ายส่งน้ำ', 'ปฏิบัติงาน', 'emp019@rid4.go.th', '0810000019', 1),
(20, 'EMP020', 'อัญชลี แก้วดี', 'เจ้าพนักงานพัสดุ', 'ฝ่ายพัสดุ', 'ปฏิบัติงาน', 'emp020@rid4.go.th', '0810000020', 1),
(21, 'EMP021', 'ธนกร ศรีสม', 'วิศวกรชลประทาน', 'ฝ่ายส่งน้ำ', 'ชำนาญการ', 'emp021@rid4.go.th', '0810000021', 1),
(22, 'EMP022', 'กัลยา พูลผล', 'นักวิเคราะห์นโยบายและแผน', 'ฝ่ายแผนงาน', 'ชำนาญการ', 'emp022@rid4.go.th', '0810000022', 1),
(23, 'EMP023', 'เอกชัย บุญเกิด', 'นายช่างชลประทาน', 'ฝ่ายก่อสร้าง', 'ปฏิบัติงาน', 'emp023@rid4.go.th', '0810000023', 1),
(24, 'EMP024', 'ชุติมา แสงดี', 'เจ้าพนักงานธุรการ', 'ฝ่ายบริหารทั่วไป', 'ปฏิบัติงาน', 'emp024@rid4.go.th', '0810000024', 1),
(25, 'EMP025', 'พิชัย อินทร์แก้ว', 'วิศวกรโยธา', 'ฝ่ายก่อสร้าง', 'ชำนาญการ', 'emp025@rid4.go.th', '0810000025', 1),
(26, 'EMP026', 'จุฑามาศ ศรีสวัสดิ์', 'นักทรัพยากรบุคคล', 'ฝ่ายบุคคล', 'ชำนาญการ', 'emp026@rid4.go.th', '0810000026', 1),
(27, 'EMP027', 'มนัสชัย คำมูล', 'วิศวกรชลประทาน', 'ฝ่ายส่งน้ำ', 'ชำนาญการ', 'emp027@rid4.go.th', '0810000027', 1),
(28, 'EMP028', 'ศศิธร บุญรักษา', 'นักวิชาการเงินและบัญชี', 'ฝ่ายการเงิน', 'ชำนาญการ', 'emp028@rid4.go.th', '0810000028', 1),
(29, 'EMP029', 'นพดล ดีมาก', 'นายช่างชลประทาน', 'ฝ่ายส่งน้ำ', 'ปฏิบัติงาน', 'emp029@rid4.go.th', '0810000029', 1),
(30, 'EMP030', 'วราภรณ์ ทองสุข', 'เจ้าพนักงานพัสดุ', 'ฝ่ายพัสดุ', 'ปฏิบัติงาน', 'emp030@rid4.go.th', '0810000030', 1),
(31, 'EMP031', 'สุเมธ แก้วคำ', 'วิศวกรโยธา', 'ฝ่ายก่อสร้าง', 'ชำนาญการ', 'emp031@rid4.go.th', '0810000031', 1),
(32, 'EMP032', 'ปาริชาติ ศรีแก้ว', 'นักวิเคราะห์นโยบายและแผน', 'ฝ่ายแผนงาน', 'ชำนาญการ', 'emp032@rid4.go.th', '0810000032', 1),
(33, 'EMP033', 'สมพร อินทร์ดี', 'วิศวกรชลประทาน', 'ฝ่ายส่งน้ำ', 'ชำนาญการ', 'emp033@rid4.go.th', '0810000033', 1),
(34, 'EMP034', 'อรอุมา บุญมี', 'เจ้าพนักงานธุรการ', 'ฝ่ายบริหารทั่วไป', 'ปฏิบัติงาน', 'emp034@rid4.go.th', '0810000034', 1),
(35, 'EMP035', 'เกรียงไกร พูลสุข', 'วิศวกรโยธา', 'ฝ่ายก่อสร้าง', 'ชำนาญการพิเศษ', 'emp035@rid4.go.th', '0810000035', 1),
(36, 'EMP036', 'พิมพ์ชนก สุขสม', 'นักทรัพยากรบุคคล', 'ฝ่ายบุคคล', 'ชำนาญการ', 'emp036@rid4.go.th', '0810000036', 1),
(37, 'EMP037', 'ชาญชัย ทองอินทร์', 'นายช่างชลประทาน', 'ฝ่ายส่งน้ำ', 'ปฏิบัติงาน', 'emp037@rid4.go.th', '0810000037', 1),
(38, 'EMP038', 'กมลชนก บุญช่วย', 'นักวิชาการเงินและบัญชี', 'ฝ่ายการเงิน', 'ชำนาญการ', 'emp038@rid4.go.th', '0810000038', 1),
(39, 'EMP039', 'วิเชียร แสงทอง', 'วิศวกรชลประทาน', 'ฝ่ายส่งน้ำ', 'ชำนาญการ', 'emp039@rid4.go.th', '0810000039', 1),
(40, 'EMP040', 'สุภาวดี พรหมรักษ์', 'เจ้าพนักงานพัสดุ', 'ฝ่ายพัสดุ', 'ปฏิบัติงาน', 'emp040@rid4.go.th', '0810000040', 1),
(41, 'EMP041', 'ภานุพงศ์ มีชัย', 'วิศวกรโยธา', 'ฝ่ายก่อสร้าง', 'ชำนาญการ', 'emp041@rid4.go.th', '0810000041', 1),
(42, 'EMP042', 'ชนิดา รุ่งโรจน์', 'นักวิเคราะห์นโยบายและแผน', 'ฝ่ายแผนงาน', 'ชำนาญการ', 'emp042@rid4.go.th', '0810000042', 1),
(43, 'EMP043', 'สันติ สุขเกษม', 'นายช่างชลประทาน', 'ฝ่ายส่งน้ำ', 'ปฏิบัติงาน', 'emp043@rid4.go.th', '0810000043', 1),
(44, 'EMP044', 'มาลีรัตน์ บุญส่ง', 'เจ้าพนักงานธุรการ', 'ฝ่ายบริหารทั่วไป', 'ปฏิบัติงาน', 'emp044@rid4.go.th', '0810000044', 1),
(45, 'EMP045', 'ธวัชชัย อินทร์ดี', 'วิศวกรชลประทาน', 'ฝ่ายส่งน้ำ', 'ชำนาญการ', 'emp045@rid4.go.th', '0810000045', 1),
(46, 'EMP046', 'รัตนา แก้วใส', 'นักทรัพยากรบุคคล', 'ฝ่ายบุคคล', 'ชำนาญการ', 'emp046@rid4.go.th', '0810000046', 1),
(47, 'EMP047', 'อำนาจ ทองแท้', 'วิศวกรโยธา', 'ฝ่ายก่อสร้าง', 'ชำนาญการ', 'emp047@rid4.go.th', '0810000047', 1),
(48, 'EMP048', 'วาสนา พูลผล', 'นักวิชาการเงินและบัญชี', 'ฝ่ายการเงิน', 'ชำนาญการ', 'emp048@rid4.go.th', '0810000048', 1),
(49, 'EMP049', 'ประสิทธิ์ ศรีสุข', 'นายช่างชลประทาน', 'ฝ่ายส่งน้ำ', 'ปฏิบัติงาน', 'emp049@rid4.go.th', '0810000049', 1),
(50, 'EMP050', 'เบญจมาศ คำแก้ว', 'เจ้าพนักงานพัสดุ', 'ฝ่ายพัสดุ', 'ปฏิบัติงาน', 'emp050@rid4.go.th', '0810000050', 1);

-- --------------------------------------------------------

--
-- Table structure for table `vehicles`
--

CREATE TABLE IF NOT EXISTS `vehicles` (
`vehicle_id` int(11) NOT NULL COMMENT 'รหัสรถ',
  `plate_number` varchar(20) NOT NULL COMMENT 'ทะเบียนรถ',
  `brand` varchar(80) NOT NULL COMMENT 'ยี่ห้อ',
  `model` varchar(80) DEFAULT NULL COMMENT 'รุ่น',
  `year` year(4) DEFAULT NULL COMMENT 'ปีรถ',
  `vehicle_type` enum('sedan','pickup','van','bus','suv') DEFAULT NULL COMMENT 'เก๋ง/ปิคอัพ/ตู้/รถบัส',
  `seat_count` tinyint(4) DEFAULT NULL COMMENT 'จำนวนที่นั่ง',
  `status` enum('available','in_use','maintenance') DEFAULT 'available' COMMENT 'available/in_use/maintenance',
  `fuel_type` enum('gasoline','diesel','electric','hybrid') DEFAULT NULL COMMENT 'เบนซิน/ดีเซล/ไฟฟ้า',
  `department` varchar(100) DEFAULT NULL COMMENT 'สังกัด'
) ENGINE=InnoDB  DEFAULT CHARSET=utf8 AUTO_INCREMENT=51 ;

--
-- Dumping data for table `vehicles`
--

INSERT INTO `vehicles` (`vehicle_id`, `plate_number`, `brand`, `model`, `year`, `vehicle_type`, `seat_count`, `status`, `fuel_type`, `department`) VALUES
(1, 'กข-1001', 'Toyota', 'Model1', 2019, 'sedan', 5, 'available', 'gasoline', 'สำนักงานชลประทานที่ 4'),
(2, 'กข-1002', 'Toyota', 'Model2', 2020, 'pickup', 6, 'available', 'diesel', 'สำนักงานชลประทานที่ 4'),
(3, 'กข-1003', 'Toyota', 'Model3', 2021, 'van', 7, 'available', 'hybrid', 'สำนักงานชลประทานที่ 4'),
(4, 'กข-1004', 'Toyota', 'Model4', 2022, 'suv', 8, 'available', 'electric', 'สำนักงานชลประทานที่ 4'),
(5, 'กข-1005', 'Toyota', 'Model5', 2023, 'bus', 9, 'available', 'gasoline', 'สำนักงานชลประทานที่ 4'),
(6, 'กข-1006', 'Toyota', 'Model6', 2024, 'sedan', 10, 'available', 'diesel', 'สำนักงานชลประทานที่ 4'),
(7, 'กข-1007', 'Toyota', 'Model7', 2025, 'pickup', 11, 'available', 'hybrid', 'สำนักงานชลประทานที่ 4'),
(8, 'กข-1008', 'Toyota', 'Model8', 2018, 'van', 12, 'available', 'electric', 'สำนักงานชลประทานที่ 4'),
(9, 'กข-1009', 'Toyota', 'Model9', 2019, 'suv', 13, 'available', 'gasoline', 'สำนักงานชลประทานที่ 4'),
(10, 'กข-1010', 'Toyota', 'Model10', 2020, 'bus', 14, 'available', 'diesel', 'สำนักงานชลประทานที่ 4'),
(11, 'กข-1011', 'Toyota', 'Model11', 2021, 'sedan', 15, 'available', 'hybrid', 'สำนักงานชลประทานที่ 4'),
(12, 'กข-1012', 'Toyota', 'Model12', 2022, 'pickup', 4, 'available', 'electric', 'สำนักงานชลประทานที่ 4'),
(13, 'กข-1013', 'Toyota', 'Model13', 2023, 'van', 5, 'available', 'gasoline', 'สำนักงานชลประทานที่ 4'),
(14, 'กข-1014', 'Toyota', 'Model14', 2024, 'suv', 6, 'available', 'diesel', 'สำนักงานชลประทานที่ 4'),
(15, 'กข-1015', 'Toyota', 'Model15', 2025, 'bus', 7, 'available', 'hybrid', 'สำนักงานชลประทานที่ 4'),
(16, 'กข-1016', 'Toyota', 'Model16', 2018, 'sedan', 8, 'available', 'electric', 'สำนักงานชลประทานที่ 4'),
(17, 'กข-1017', 'Toyota', 'Model17', 2019, 'pickup', 9, 'available', 'gasoline', 'สำนักงานชลประทานที่ 4'),
(18, 'กข-1018', 'Toyota', 'Model18', 2020, 'van', 10, 'available', 'diesel', 'สำนักงานชลประทานที่ 4'),
(19, 'กข-1019', 'Toyota', 'Model19', 2021, 'suv', 11, 'available', 'hybrid', 'สำนักงานชลประทานที่ 4'),
(20, 'กข-1020', 'Toyota', 'Model20', 2022, 'bus', 12, 'available', 'electric', 'สำนักงานชลประทานที่ 4'),
(21, 'กข-1021', 'Toyota', 'Model21', 2023, 'sedan', 13, 'available', 'gasoline', 'สำนักงานชลประทานที่ 4'),
(22, 'กข-1022', 'Toyota', 'Model22', 2024, 'pickup', 14, 'available', 'diesel', 'สำนักงานชลประทานที่ 4'),
(23, 'กข-1023', 'Toyota', 'Model23', 2025, 'van', 15, 'available', 'hybrid', 'สำนักงานชลประทานที่ 4'),
(24, 'กข-1024', 'Toyota', 'Model24', 2018, 'suv', 4, 'available', 'electric', 'สำนักงานชลประทานที่ 4'),
(25, 'กข-1025', 'Toyota', 'Model25', 2019, 'bus', 5, 'available', 'gasoline', 'สำนักงานชลประทานที่ 4'),
(26, 'กข-1026', 'Toyota', 'Model26', 2020, 'sedan', 6, 'available', 'diesel', 'สำนักงานชลประทานที่ 4'),
(27, 'กข-1027', 'Toyota', 'Model27', 2021, 'pickup', 7, 'available', 'hybrid', 'สำนักงานชลประทานที่ 4'),
(28, 'กข-1028', 'Toyota', 'Model28', 2022, 'van', 8, 'available', 'electric', 'สำนักงานชลประทานที่ 4'),
(29, 'กข-1029', 'Toyota', 'Model29', 2023, 'suv', 9, 'available', 'gasoline', 'สำนักงานชลประทานที่ 4'),
(30, 'กข-1030', 'Toyota', 'Model30', 2024, 'bus', 10, 'available', 'diesel', 'สำนักงานชลประทานที่ 4'),
(31, 'กข-1031', 'Toyota', 'Model31', 2025, 'sedan', 11, 'available', 'hybrid', 'สำนักงานชลประทานที่ 4'),
(32, 'กข-1032', 'Toyota', 'Model32', 2018, 'pickup', 12, 'available', 'electric', 'สำนักงานชลประทานที่ 4'),
(33, 'กข-1033', 'Toyota', 'Model33', 2019, 'van', 13, 'available', 'gasoline', 'สำนักงานชลประทานที่ 4'),
(34, 'กข-1034', 'Toyota', 'Model34', 2020, 'suv', 14, 'available', 'diesel', 'สำนักงานชลประทานที่ 4'),
(35, 'กข-1035', 'Toyota', 'Model35', 2021, 'bus', 15, 'available', 'hybrid', 'สำนักงานชลประทานที่ 4'),
(36, 'กข-1036', 'Toyota', 'Model36', 2022, 'sedan', 4, 'available', 'electric', 'สำนักงานชลประทานที่ 4'),
(37, 'กข-1037', 'Toyota', 'Model37', 2023, 'pickup', 5, 'available', 'gasoline', 'สำนักงานชลประทานที่ 4'),
(38, 'กข-1038', 'Toyota', 'Model38', 2024, 'van', 6, 'available', 'diesel', 'สำนักงานชลประทานที่ 4'),
(39, 'กข-1039', 'Toyota', 'Model39', 2025, 'suv', 7, 'available', 'hybrid', 'สำนักงานชลประทานที่ 4'),
(40, 'กข-1040', 'Toyota', 'Model40', 2018, 'bus', 8, 'available', 'electric', 'สำนักงานชลประทานที่ 4'),
(41, 'กข-1041', 'Toyota', 'Model41', 2019, 'sedan', 9, 'available', 'gasoline', 'สำนักงานชลประทานที่ 4'),
(42, 'กข-1042', 'Toyota', 'Model42', 2020, 'pickup', 10, 'available', 'diesel', 'สำนักงานชลประทานที่ 4'),
(43, 'กข-1043', 'Toyota', 'Model43', 2021, 'van', 11, 'available', 'hybrid', 'สำนักงานชลประทานที่ 4'),
(44, 'กข-1044', 'Toyota', 'Model44', 2022, 'suv', 12, 'available', 'electric', 'สำนักงานชลประทานที่ 4'),
(45, 'กข-1045', 'Toyota', 'Model45', 2023, 'bus', 13, 'available', 'gasoline', 'สำนักงานชลประทานที่ 4'),
(46, 'กข-1046', 'Toyota', 'Model46', 2024, 'sedan', 14, 'available', 'diesel', 'สำนักงานชลประทานที่ 4'),
(47, 'กข-1047', 'Toyota', 'Model47', 2025, 'pickup', 15, 'available', 'hybrid', 'สำนักงานชลประทานที่ 4'),
(48, 'กข-1048', 'Toyota', 'Model48', 2018, 'van', 4, 'available', 'electric', 'สำนักงานชลประทานที่ 4'),
(49, 'กข-1049', 'Toyota', 'Model49', 2019, 'suv', 5, 'available', 'gasoline', 'สำนักงานชลประทานที่ 4'),
(50, 'กข-1050', 'Toyota', 'Model50', 2020, 'bus', 6, 'available', 'diesel', 'สำนักงานชลประทานที่ 4');

-- --------------------------------------------------------

--
-- Table structure for table `vehicle_assignments`
--

CREATE TABLE IF NOT EXISTS `vehicle_assignments` (
`assign_id` int(11) NOT NULL COMMENT 'รหัสจัดสรร',
  `vreq_id` int(11) NOT NULL COMMENT 'vehicle_requests',
  `vehicle_id` int(11) NOT NULL COMMENT 'vehicles',
  `driver_id` int(11) NOT NULL COMMENT 'drivers',
  `assign_by` int(11) DEFAULT NULL COMMENT 'users (ผู้จัดสรร)',
  `odometer_start` int(11) DEFAULT NULL COMMENT 'เลข km ก่อนออก',
  `odometer_end` int(11) DEFAULT NULL COMMENT 'เลข km หลังกลับ',
  `fuel_used` decimal(8,2) DEFAULT NULL COMMENT 'น้ำมันที่ใช้ (ลิตร)',
  `note` text COMMENT 'หมายเหตุ',
  `assigned_at` timestamp NOT NULL DEFAULT CURRENT_TIMESTAMP COMMENT 'เวลาจัดสรร'
) ENGINE=InnoDB  DEFAULT CHARSET=utf8 AUTO_INCREMENT=51 ;

--
-- Dumping data for table `vehicle_assignments`
--

INSERT INTO `vehicle_assignments` (`assign_id`, `vreq_id`, `vehicle_id`, `driver_id`, `assign_by`, `odometer_start`, `odometer_end`, `fuel_used`, `note`, `assigned_at`) VALUES
(1, 1, 1, 1, 50, 100100, 100221, '12.10', 'ภารกิจราชการ', '2026-06-12 05:05:08'),
(2, 2, 2, 2, 50, 100200, 100322, '12.20', 'ภารกิจราชการ', '2026-06-12 05:05:08'),
(3, 3, 3, 3, 50, 100300, 100423, '12.30', 'ภารกิจราชการ', '2026-06-12 05:05:08'),
(4, 4, 4, 4, 50, 100400, 100524, '12.40', 'ภารกิจราชการ', '2026-06-12 05:05:08'),
(5, 5, 5, 5, 50, 100500, 100625, '12.50', 'ภารกิจราชการ', '2026-06-12 05:05:08'),
(6, 6, 6, 6, 50, 100600, 100726, '12.60', 'ภารกิจราชการ', '2026-06-12 05:05:08'),
(7, 7, 7, 7, 50, 100700, 100827, '12.70', 'ภารกิจราชการ', '2026-06-12 05:05:08'),
(8, 8, 8, 8, 50, 100800, 100928, '12.80', 'ภารกิจราชการ', '2026-06-12 05:05:08'),
(9, 9, 9, 9, 50, 100900, 101029, '12.90', 'ภารกิจราชการ', '2026-06-12 05:05:08'),
(10, 10, 10, 10, 50, 101000, 101130, '13.00', 'ภารกิจราชการ', '2026-06-12 05:05:08'),
(11, 11, 11, 11, 50, 101100, 101231, '13.10', 'ภารกิจราชการ', '2026-06-12 05:05:08'),
(12, 12, 12, 12, 50, 101200, 101332, '13.20', 'ภารกิจราชการ', '2026-06-12 05:05:08'),
(13, 13, 13, 13, 50, 101300, 101433, '13.30', 'ภารกิจราชการ', '2026-06-12 05:05:08'),
(14, 14, 14, 14, 50, 101400, 101534, '13.40', 'ภารกิจราชการ', '2026-06-12 05:05:08'),
(15, 15, 15, 15, 50, 101500, 101635, '13.50', 'ภารกิจราชการ', '2026-06-12 05:05:08'),
(16, 16, 16, 16, 50, 101600, 101736, '13.60', 'ภารกิจราชการ', '2026-06-12 05:05:08'),
(17, 17, 17, 17, 50, 101700, 101837, '13.70', 'ภารกิจราชการ', '2026-06-12 05:05:08'),
(18, 18, 18, 18, 50, 101800, 101938, '13.80', 'ภารกิจราชการ', '2026-06-12 05:05:08'),
(19, 19, 19, 19, 50, 101900, 102039, '13.90', 'ภารกิจราชการ', '2026-06-12 05:05:08'),
(20, 20, 20, 20, 50, 102000, 102140, '14.00', 'ภารกิจราชการ', '2026-06-12 05:05:08'),
(21, 21, 21, 1, 50, 102100, 102241, '14.10', 'ภารกิจราชการ', '2026-06-12 05:05:08'),
(22, 22, 22, 2, 50, 102200, 102342, '14.20', 'ภารกิจราชการ', '2026-06-12 05:05:08'),
(23, 23, 23, 3, 50, 102300, 102443, '14.30', 'ภารกิจราชการ', '2026-06-12 05:05:08'),
(24, 24, 24, 4, 50, 102400, 102544, '14.40', 'ภารกิจราชการ', '2026-06-12 05:05:08'),
(25, 25, 25, 5, 50, 102500, 102645, '14.50', 'ภารกิจราชการ', '2026-06-12 05:05:08'),
(26, 26, 26, 6, 50, 102600, 102746, '14.60', 'ภารกิจราชการ', '2026-06-12 05:05:08'),
(27, 27, 27, 7, 50, 102700, 102847, '14.70', 'ภารกิจราชการ', '2026-06-12 05:05:08'),
(28, 28, 28, 8, 50, 102800, 102948, '14.80', 'ภารกิจราชการ', '2026-06-12 05:05:08'),
(29, 29, 29, 9, 50, 102900, 103049, '14.90', 'ภารกิจราชการ', '2026-06-12 05:05:08'),
(30, 30, 30, 10, 50, 103000, 103150, '15.00', 'ภารกิจราชการ', '2026-06-12 05:05:08'),
(31, 31, 31, 11, 50, 103100, 103251, '15.10', 'ภารกิจราชการ', '2026-06-12 05:05:08'),
(32, 32, 32, 12, 50, 103200, 103352, '15.20', 'ภารกิจราชการ', '2026-06-12 05:05:08'),
(33, 33, 33, 13, 50, 103300, 103453, '15.30', 'ภารกิจราชการ', '2026-06-12 05:05:08'),
(34, 34, 34, 14, 50, 103400, 103554, '15.40', 'ภารกิจราชการ', '2026-06-12 05:05:08'),
(35, 35, 35, 15, 50, 103500, 103655, '15.50', 'ภารกิจราชการ', '2026-06-12 05:05:08'),
(36, 36, 36, 16, 50, 103600, 103756, '15.60', 'ภารกิจราชการ', '2026-06-12 05:05:08'),
(37, 37, 37, 17, 50, 103700, 103857, '15.70', 'ภารกิจราชการ', '2026-06-12 05:05:08'),
(38, 38, 38, 18, 50, 103800, 103958, '15.80', 'ภารกิจราชการ', '2026-06-12 05:05:08'),
(39, 39, 39, 19, 50, 103900, 104059, '15.90', 'ภารกิจราชการ', '2026-06-12 05:05:08'),
(40, 40, 40, 20, 50, 104000, 104160, '16.00', 'ภารกิจราชการ', '2026-06-12 05:05:08'),
(41, 41, 41, 1, 50, 104100, 104261, '16.10', 'ภารกิจราชการ', '2026-06-12 05:05:08'),
(42, 42, 42, 2, 50, 104200, 104362, '16.20', 'ภารกิจราชการ', '2026-06-12 05:05:08'),
(43, 43, 43, 3, 50, 104300, 104463, '16.30', 'ภารกิจราชการ', '2026-06-12 05:05:08'),
(44, 44, 44, 4, 50, 104400, 104564, '16.40', 'ภารกิจราชการ', '2026-06-12 05:05:08'),
(45, 45, 45, 5, 50, 104500, 104665, '16.50', 'ภารกิจราชการ', '2026-06-12 05:05:08'),
(46, 46, 46, 6, 50, 104600, 104766, '16.60', 'ภารกิจราชการ', '2026-06-12 05:05:08'),
(47, 47, 47, 7, 50, 104700, 104867, '16.70', 'ภารกิจราชการ', '2026-06-12 05:05:08'),
(48, 48, 48, 8, 50, 104800, 104968, '16.80', 'ภารกิจราชการ', '2026-06-12 05:05:08'),
(49, 49, 49, 9, 50, 104900, 105069, '16.90', 'ภารกิจราชการ', '2026-06-12 05:05:08'),
(50, 50, 50, 10, 50, 105000, 105120, '12.00', 'ภารกิจราชการ', '2026-06-12 05:05:08');

-- --------------------------------------------------------

--
-- Table structure for table `vehicle_requests`
--

CREATE TABLE IF NOT EXISTS `vehicle_requests` (
`vreq_id` int(11) NOT NULL COMMENT 'รหัสคำขอ',
  `doc_number` varchar(30) DEFAULT NULL COMMENT 'เลขที่แบบ3',
  `requester_id` int(11) NOT NULL COMMENT 'users (ผู้ขอ)',
  `travel_request_id` int(11) DEFAULT NULL COMMENT 'travel_requests (อ้างอิง ชป.318)',
  `purpose` text NOT NULL COMMENT 'วัตถุประสงค์',
  `destination` varchar(300) NOT NULL COMMENT 'จุดหมาย',
  `start_datetime` datetime NOT NULL COMMENT 'วัน-เวลาออก',
  `end_datetime` datetime NOT NULL COMMENT 'วัน-เวลากลับ',
  `passenger_count` tinyint(4) DEFAULT '1' COMMENT 'จำนวนผู้โดยสาร',
  `status` enum('pending','approved','assigned','completed','cancelled') DEFAULT 'pending' COMMENT 'pending/approved/assigned/completed/cancelled',
  `created_at` timestamp NOT NULL DEFAULT CURRENT_TIMESTAMP COMMENT 'วันที่สร้าง'
) ENGINE=InnoDB  DEFAULT CHARSET=utf8 AUTO_INCREMENT=51 ;

--
-- Dumping data for table `vehicle_requests`
--

INSERT INTO `vehicle_requests` (`vreq_id`, `doc_number`, `requester_id`, `travel_request_id`, `purpose`, `destination`, `start_datetime`, `end_datetime`, `passenger_count`, `status`, `created_at`) VALUES
(1, 'บ3-2569-001', 1, 1, 'เดินทางไปราชการครั้งที่ 1', 'จังหวัดปลายทาง 1', '2026-01-02 08:00:00', '2026-01-02 18:00:00', 2, 'completed', '2026-06-12 05:05:08'),
(2, 'บ3-2569-002', 2, 2, 'เดินทางไปราชการครั้งที่ 2', 'จังหวัดปลายทาง 2', '2026-01-03 08:00:00', '2026-01-03 18:00:00', 3, 'assigned', '2026-06-12 05:05:08'),
(3, 'บ3-2569-003', 3, 3, 'เดินทางไปราชการครั้งที่ 3', 'จังหวัดปลายทาง 3', '2026-01-04 08:00:00', '2026-01-04 18:00:00', 4, 'approved', '2026-06-12 05:05:08'),
(4, 'บ3-2569-004', 4, 4, 'เดินทางไปราชการครั้งที่ 4', 'จังหวัดปลายทาง 4', '2026-01-05 08:00:00', '2026-01-05 18:00:00', 5, 'pending', '2026-06-12 05:05:08'),
(5, 'บ3-2569-005', 5, 5, 'เดินทางไปราชการครั้งที่ 5', 'จังหวัดปลายทาง 5', '2026-01-06 08:00:00', '2026-01-06 18:00:00', 6, 'cancelled', '2026-06-12 05:05:08'),
(6, 'บ3-2569-006', 6, 6, 'เดินทางไปราชการครั้งที่ 6', 'จังหวัดปลายทาง 6', '2026-01-07 08:00:00', '2026-01-07 18:00:00', 7, 'completed', '2026-06-12 05:05:08'),
(7, 'บ3-2569-007', 7, 7, 'เดินทางไปราชการครั้งที่ 7', 'จังหวัดปลายทาง 7', '2026-01-08 08:00:00', '2026-01-08 18:00:00', 8, 'assigned', '2026-06-12 05:05:08'),
(8, 'บ3-2569-008', 8, 8, 'เดินทางไปราชการครั้งที่ 8', 'จังหวัดปลายทาง 8', '2026-01-09 08:00:00', '2026-01-09 18:00:00', 1, 'approved', '2026-06-12 05:05:08'),
(9, 'บ3-2569-009', 9, 9, 'เดินทางไปราชการครั้งที่ 9', 'จังหวัดปลายทาง 9', '2026-01-10 08:00:00', '2026-01-10 18:00:00', 2, 'pending', '2026-06-12 05:05:08'),
(10, 'บ3-2569-010', 10, 10, 'เดินทางไปราชการครั้งที่ 10', 'จังหวัดปลายทาง 10', '2026-01-11 08:00:00', '2026-01-11 18:00:00', 3, 'cancelled', '2026-06-12 05:05:08'),
(11, 'บ3-2569-011', 11, 11, 'เดินทางไปราชการครั้งที่ 11', 'จังหวัดปลายทาง 11', '2026-01-12 08:00:00', '2026-01-12 18:00:00', 4, 'completed', '2026-06-12 05:05:08'),
(12, 'บ3-2569-012', 12, 12, 'เดินทางไปราชการครั้งที่ 12', 'จังหวัดปลายทาง 12', '2026-01-13 08:00:00', '2026-01-13 18:00:00', 5, 'assigned', '2026-06-12 05:05:08'),
(13, 'บ3-2569-013', 13, 13, 'เดินทางไปราชการครั้งที่ 13', 'จังหวัดปลายทาง 13', '2026-01-14 08:00:00', '2026-01-14 18:00:00', 6, 'approved', '2026-06-12 05:05:08'),
(14, 'บ3-2569-014', 14, 14, 'เดินทางไปราชการครั้งที่ 14', 'จังหวัดปลายทาง 14', '2026-01-15 08:00:00', '2026-01-15 18:00:00', 7, 'pending', '2026-06-12 05:05:08'),
(15, 'บ3-2569-015', 15, 15, 'เดินทางไปราชการครั้งที่ 15', 'จังหวัดปลายทาง 15', '2026-01-16 08:00:00', '2026-01-16 18:00:00', 8, 'cancelled', '2026-06-12 05:05:08'),
(16, 'บ3-2569-016', 16, 16, 'เดินทางไปราชการครั้งที่ 16', 'จังหวัดปลายทาง 16', '2026-01-17 08:00:00', '2026-01-17 18:00:00', 1, 'completed', '2026-06-12 05:05:08'),
(17, 'บ3-2569-017', 17, 17, 'เดินทางไปราชการครั้งที่ 17', 'จังหวัดปลายทาง 17', '2026-01-18 08:00:00', '2026-01-18 18:00:00', 2, 'assigned', '2026-06-12 05:05:08'),
(18, 'บ3-2569-018', 18, 18, 'เดินทางไปราชการครั้งที่ 18', 'จังหวัดปลายทาง 18', '2026-01-19 08:00:00', '2026-01-19 18:00:00', 3, 'approved', '2026-06-12 05:05:08'),
(19, 'บ3-2569-019', 19, 19, 'เดินทางไปราชการครั้งที่ 19', 'จังหวัดปลายทาง 19', '2026-01-20 08:00:00', '2026-01-20 18:00:00', 4, 'pending', '2026-06-12 05:05:08'),
(20, 'บ3-2569-020', 20, 20, 'เดินทางไปราชการครั้งที่ 20', 'จังหวัดปลายทาง 20', '2026-01-21 08:00:00', '2026-01-21 18:00:00', 5, 'cancelled', '2026-06-12 05:05:08'),
(21, 'บ3-2569-021', 21, 21, 'เดินทางไปราชการครั้งที่ 21', 'จังหวัดปลายทาง 21', '2026-01-22 08:00:00', '2026-01-22 18:00:00', 6, 'completed', '2026-06-12 05:05:08'),
(22, 'บ3-2569-022', 22, 22, 'เดินทางไปราชการครั้งที่ 22', 'จังหวัดปลายทาง 22', '2026-01-23 08:00:00', '2026-01-23 18:00:00', 7, 'assigned', '2026-06-12 05:05:08'),
(23, 'บ3-2569-023', 23, 23, 'เดินทางไปราชการครั้งที่ 23', 'จังหวัดปลายทาง 23', '2026-01-24 08:00:00', '2026-01-24 18:00:00', 8, 'approved', '2026-06-12 05:05:08'),
(24, 'บ3-2569-024', 24, 24, 'เดินทางไปราชการครั้งที่ 24', 'จังหวัดปลายทาง 24', '2026-01-25 08:00:00', '2026-01-25 18:00:00', 1, 'pending', '2026-06-12 05:05:08'),
(25, 'บ3-2569-025', 25, 25, 'เดินทางไปราชการครั้งที่ 25', 'จังหวัดปลายทาง 25', '2026-01-26 08:00:00', '2026-01-26 18:00:00', 2, 'cancelled', '2026-06-12 05:05:08'),
(26, 'บ3-2569-026', 26, 26, 'เดินทางไปราชการครั้งที่ 26', 'จังหวัดปลายทาง 26', '2026-01-27 08:00:00', '2026-01-27 18:00:00', 3, 'completed', '2026-06-12 05:05:08'),
(27, 'บ3-2569-027', 27, 27, 'เดินทางไปราชการครั้งที่ 27', 'จังหวัดปลายทาง 27', '2026-01-28 08:00:00', '2026-01-28 18:00:00', 4, 'assigned', '2026-06-12 05:05:08'),
(28, 'บ3-2569-028', 28, 28, 'เดินทางไปราชการครั้งที่ 28', 'จังหวัดปลายทาง 28', '2026-01-01 08:00:00', '2026-01-01 18:00:00', 5, 'approved', '2026-06-12 05:05:08'),
(29, 'บ3-2569-029', 29, 29, 'เดินทางไปราชการครั้งที่ 29', 'จังหวัดปลายทาง 29', '2026-01-02 08:00:00', '2026-01-02 18:00:00', 6, 'pending', '2026-06-12 05:05:08'),
(30, 'บ3-2569-030', 30, 30, 'เดินทางไปราชการครั้งที่ 30', 'จังหวัดปลายทาง 30', '2026-01-03 08:00:00', '2026-01-03 18:00:00', 7, 'cancelled', '2026-06-12 05:05:08'),
(31, 'บ3-2569-031', 31, 31, 'เดินทางไปราชการครั้งที่ 31', 'จังหวัดปลายทาง 31', '2026-01-04 08:00:00', '2026-01-04 18:00:00', 8, 'completed', '2026-06-12 05:05:08'),
(32, 'บ3-2569-032', 32, 32, 'เดินทางไปราชการครั้งที่ 32', 'จังหวัดปลายทาง 32', '2026-01-05 08:00:00', '2026-01-05 18:00:00', 1, 'assigned', '2026-06-12 05:05:08'),
(33, 'บ3-2569-033', 33, 33, 'เดินทางไปราชการครั้งที่ 33', 'จังหวัดปลายทาง 33', '2026-01-06 08:00:00', '2026-01-06 18:00:00', 2, 'approved', '2026-06-12 05:05:08'),
(34, 'บ3-2569-034', 34, 34, 'เดินทางไปราชการครั้งที่ 34', 'จังหวัดปลายทาง 34', '2026-01-07 08:00:00', '2026-01-07 18:00:00', 3, 'pending', '2026-06-12 05:05:08'),
(35, 'บ3-2569-035', 35, 35, 'เดินทางไปราชการครั้งที่ 35', 'จังหวัดปลายทาง 35', '2026-01-08 08:00:00', '2026-01-08 18:00:00', 4, 'cancelled', '2026-06-12 05:05:08'),
(36, 'บ3-2569-036', 36, 36, 'เดินทางไปราชการครั้งที่ 36', 'จังหวัดปลายทาง 36', '2026-01-09 08:00:00', '2026-01-09 18:00:00', 5, 'completed', '2026-06-12 05:05:08'),
(37, 'บ3-2569-037', 37, 37, 'เดินทางไปราชการครั้งที่ 37', 'จังหวัดปลายทาง 37', '2026-01-10 08:00:00', '2026-01-10 18:00:00', 6, 'assigned', '2026-06-12 05:05:08'),
(38, 'บ3-2569-038', 38, 38, 'เดินทางไปราชการครั้งที่ 38', 'จังหวัดปลายทาง 38', '2026-01-11 08:00:00', '2026-01-11 18:00:00', 7, 'approved', '2026-06-12 05:05:08'),
(39, 'บ3-2569-039', 39, 39, 'เดินทางไปราชการครั้งที่ 39', 'จังหวัดปลายทาง 39', '2026-01-12 08:00:00', '2026-01-12 18:00:00', 8, 'pending', '2026-06-12 05:05:08'),
(40, 'บ3-2569-040', 40, 40, 'เดินทางไปราชการครั้งที่ 40', 'จังหวัดปลายทาง 40', '2026-01-13 08:00:00', '2026-01-13 18:00:00', 1, 'cancelled', '2026-06-12 05:05:08'),
(41, 'บ3-2569-041', 41, 41, 'เดินทางไปราชการครั้งที่ 41', 'จังหวัดปลายทาง 41', '2026-01-14 08:00:00', '2026-01-14 18:00:00', 2, 'completed', '2026-06-12 05:05:08'),
(42, 'บ3-2569-042', 42, 42, 'เดินทางไปราชการครั้งที่ 42', 'จังหวัดปลายทาง 42', '2026-01-15 08:00:00', '2026-01-15 18:00:00', 3, 'assigned', '2026-06-12 05:05:08'),
(43, 'บ3-2569-043', 43, 43, 'เดินทางไปราชการครั้งที่ 43', 'จังหวัดปลายทาง 43', '2026-01-16 08:00:00', '2026-01-16 18:00:00', 4, 'approved', '2026-06-12 05:05:08'),
(44, 'บ3-2569-044', 44, 44, 'เดินทางไปราชการครั้งที่ 44', 'จังหวัดปลายทาง 44', '2026-01-17 08:00:00', '2026-01-17 18:00:00', 5, 'pending', '2026-06-12 05:05:08'),
(45, 'บ3-2569-045', 45, 45, 'เดินทางไปราชการครั้งที่ 45', 'จังหวัดปลายทาง 45', '2026-01-18 08:00:00', '2026-01-18 18:00:00', 6, 'cancelled', '2026-06-12 05:05:08'),
(46, 'บ3-2569-046', 46, 46, 'เดินทางไปราชการครั้งที่ 46', 'จังหวัดปลายทาง 46', '2026-01-19 08:00:00', '2026-01-19 18:00:00', 7, 'completed', '2026-06-12 05:05:08'),
(47, 'บ3-2569-047', 47, 47, 'เดินทางไปราชการครั้งที่ 47', 'จังหวัดปลายทาง 47', '2026-01-20 08:00:00', '2026-01-20 18:00:00', 8, 'assigned', '2026-06-12 05:05:08'),
(48, 'บ3-2569-048', 48, 48, 'เดินทางไปราชการครั้งที่ 48', 'จังหวัดปลายทาง 48', '2026-01-21 08:00:00', '2026-01-21 18:00:00', 1, 'approved', '2026-06-12 05:05:08'),
(49, 'บ3-2569-049', 49, 49, 'เดินทางไปราชการครั้งที่ 49', 'จังหวัดปลายทาง 49', '2026-01-22 08:00:00', '2026-01-22 18:00:00', 2, 'pending', '2026-06-12 05:05:08'),
(50, 'บ3-2569-050', 50, 50, 'เดินทางไปราชการครั้งที่ 50', 'จังหวัดปลายทาง 50', '2026-01-23 08:00:00', '2026-01-23 18:00:00', 3, 'cancelled', '2026-06-12 05:05:08');

--
-- Indexes for dumped tables
--

--
-- Indexes for table `budget_allocations`
--
ALTER TABLE `budget_allocations`
 ADD PRIMARY KEY (`budget_id`), ADD KEY `cat_id` (`cat_id`);

--
-- Indexes for table `drivers`
--
ALTER TABLE `drivers`
 ADD PRIMARY KEY (`driver_id`), ADD UNIQUE KEY `user_id` (`user_id`);

--
-- Indexes for table `expense_approvals`
--
ALTER TABLE `expense_approvals`
 ADD PRIMARY KEY (`ea_id`), ADD KEY `claim_id` (`claim_id`), ADD KEY `approver_id` (`approver_id`);

--
-- Indexes for table `expense_categories`
--
ALTER TABLE `expense_categories`
 ADD PRIMARY KEY (`cat_id`);

--
-- Indexes for table `expense_claims`
--
ALTER TABLE `expense_claims`
 ADD PRIMARY KEY (`claim_id`), ADD UNIQUE KEY `claim_number` (`claim_number`), ADD KEY `claimant_id` (`claimant_id`), ADD KEY `cat_id` (`cat_id`), ADD KEY `budget_id` (`budget_id`), ADD KEY `travel_request_id` (`travel_request_id`);

--
-- Indexes for table `expense_items`
--
ALTER TABLE `expense_items`
 ADD PRIMARY KEY (`item_id`), ADD KEY `idx_ei_claim` (`claim_id`);

--
-- Indexes for table `news_categories`
--
ALTER TABLE `news_categories`
 ADD PRIMARY KEY (`category_id`), ADD UNIQUE KEY `category_name` (`category_name`);

--
-- Indexes for table `news_daily_summary`
--
ALTER TABLE `news_daily_summary`
 ADD PRIMARY KEY (`summary_id`), ADD KEY `idx_summary_date` (`summary_date`), ADD KEY `category_id` (`category_id`);

--
-- Indexes for table `news_items`
--
ALTER TABLE `news_items`
 ADD PRIMARY KEY (`news_id`), ADD KEY `idx_news_date` (`news_date`), ADD KEY `idx_news_cat` (`category_id`), ADD KEY `source_id` (`source_id`);

--
-- Indexes for table `news_sources`
--
ALTER TABLE `news_sources`
 ADD PRIMARY KEY (`source_id`);

--
-- Indexes for table `travel_approvals`
--
ALTER TABLE `travel_approvals`
 ADD PRIMARY KEY (`approval_id`), ADD KEY `request_id` (`request_id`), ADD KEY `approver_id` (`approver_id`);

--
-- Indexes for table `travel_participants`
--
ALTER TABLE `travel_participants`
 ADD PRIMARY KEY (`participant_id`), ADD KEY `idx_tp_request` (`request_id`), ADD KEY `user_id` (`user_id`);

--
-- Indexes for table `travel_requests`
--
ALTER TABLE `travel_requests`
 ADD PRIMARY KEY (`request_id`), ADD UNIQUE KEY `doc_number` (`doc_number`);

--
-- Indexes for table `users`
--
ALTER TABLE `users`
 ADD PRIMARY KEY (`user_id`), ADD UNIQUE KEY `employee_code` (`employee_code`), ADD UNIQUE KEY `email` (`email`);

--
-- Indexes for table `vehicles`
--
ALTER TABLE `vehicles`
 ADD PRIMARY KEY (`vehicle_id`), ADD UNIQUE KEY `plate_number` (`plate_number`);

--
-- Indexes for table `vehicle_assignments`
--
ALTER TABLE `vehicle_assignments`
 ADD PRIMARY KEY (`assign_id`), ADD KEY `vreq_id` (`vreq_id`), ADD KEY `vehicle_id` (`vehicle_id`), ADD KEY `driver_id` (`driver_id`);

--
-- Indexes for table `vehicle_requests`
--
ALTER TABLE `vehicle_requests`
 ADD PRIMARY KEY (`vreq_id`), ADD UNIQUE KEY `doc_number` (`doc_number`), ADD KEY `requester_id` (`requester_id`), ADD KEY `travel_request_id` (`travel_request_id`);

--
-- AUTO_INCREMENT for dumped tables
--

--
-- AUTO_INCREMENT for table `budget_allocations`
--
ALTER TABLE `budget_allocations`
MODIFY `budget_id` int(11) NOT NULL AUTO_INCREMENT COMMENT 'รหัสงบ',AUTO_INCREMENT=21;
--
-- AUTO_INCREMENT for table `drivers`
--
ALTER TABLE `drivers`
MODIFY `driver_id` int(11) NOT NULL AUTO_INCREMENT COMMENT 'รหัสพนักงานขับรถ',AUTO_INCREMENT=21;
--
-- AUTO_INCREMENT for table `expense_approvals`
--
ALTER TABLE `expense_approvals`
MODIFY `ea_id` int(11) NOT NULL AUTO_INCREMENT COMMENT 'รหัส',AUTO_INCREMENT=11;
--
-- AUTO_INCREMENT for table `expense_categories`
--
ALTER TABLE `expense_categories`
MODIFY `cat_id` int(11) NOT NULL AUTO_INCREMENT COMMENT 'รหัสหมวด',AUTO_INCREMENT=11;
--
-- AUTO_INCREMENT for table `expense_claims`
--
ALTER TABLE `expense_claims`
MODIFY `claim_id` int(11) NOT NULL AUTO_INCREMENT COMMENT 'รหัสใบเบิก',AUTO_INCREMENT=6;
--
-- AUTO_INCREMENT for table `expense_items`
--
ALTER TABLE `expense_items`
MODIFY `item_id` int(11) NOT NULL AUTO_INCREMENT COMMENT 'รหัสรายการ',AUTO_INCREMENT=16;
--
-- AUTO_INCREMENT for table `news_categories`
--
ALTER TABLE `news_categories`
MODIFY `category_id` int(11) NOT NULL AUTO_INCREMENT COMMENT 'รหัสหมวดหมู่',AUTO_INCREMENT=5;
--
-- AUTO_INCREMENT for table `news_daily_summary`
--
ALTER TABLE `news_daily_summary`
MODIFY `summary_id` int(11) NOT NULL AUTO_INCREMENT COMMENT 'รหัสสรุป',AUTO_INCREMENT=51;
--
-- AUTO_INCREMENT for table `news_items`
--
ALTER TABLE `news_items`
MODIFY `news_id` bigint(20) NOT NULL AUTO_INCREMENT COMMENT 'รหัสข่าว',AUTO_INCREMENT=102;
--
-- AUTO_INCREMENT for table `news_sources`
--
ALTER TABLE `news_sources`
MODIFY `source_id` int(11) NOT NULL AUTO_INCREMENT COMMENT 'รหัสแหล่งข่าว',AUTO_INCREMENT=12;
--
-- AUTO_INCREMENT for table `travel_approvals`
--
ALTER TABLE `travel_approvals`
MODIFY `approval_id` int(11) NOT NULL AUTO_INCREMENT COMMENT 'รหัสการอนุมัติ',AUTO_INCREMENT=101;
--
-- AUTO_INCREMENT for table `travel_participants`
--
ALTER TABLE `travel_participants`
MODIFY `participant_id` int(11) NOT NULL AUTO_INCREMENT COMMENT 'รหัส',AUTO_INCREMENT=151;
--
-- AUTO_INCREMENT for table `travel_requests`
--
ALTER TABLE `travel_requests`
MODIFY `request_id` int(11) NOT NULL AUTO_INCREMENT COMMENT 'รหัสคำขอ',AUTO_INCREMENT=51;
--
-- AUTO_INCREMENT for table `users`
--
ALTER TABLE `users`
MODIFY `user_id` int(11) NOT NULL AUTO_INCREMENT COMMENT 'รหัสบุคลากร',AUTO_INCREMENT=51;
--
-- AUTO_INCREMENT for table `vehicles`
--
ALTER TABLE `vehicles`
MODIFY `vehicle_id` int(11) NOT NULL AUTO_INCREMENT COMMENT 'รหัสรถ',AUTO_INCREMENT=51;
--
-- AUTO_INCREMENT for table `vehicle_assignments`
--
ALTER TABLE `vehicle_assignments`
MODIFY `assign_id` int(11) NOT NULL AUTO_INCREMENT COMMENT 'รหัสจัดสรร',AUTO_INCREMENT=51;
--
-- AUTO_INCREMENT for table `vehicle_requests`
--
ALTER TABLE `vehicle_requests`
MODIFY `vreq_id` int(11) NOT NULL AUTO_INCREMENT COMMENT 'รหัสคำขอ',AUTO_INCREMENT=51;
--
-- Constraints for dumped tables
--

--
-- Constraints for table `budget_allocations`
--
ALTER TABLE `budget_allocations`
ADD CONSTRAINT `budget_allocations_ibfk_1` FOREIGN KEY (`cat_id`) REFERENCES `expense_categories` (`cat_id`);

--
-- Constraints for table `drivers`
--
ALTER TABLE `drivers`
ADD CONSTRAINT `drivers_ibfk_1` FOREIGN KEY (`user_id`) REFERENCES `users` (`user_id`);

--
-- Constraints for table `expense_approvals`
--
ALTER TABLE `expense_approvals`
ADD CONSTRAINT `expense_approvals_ibfk_1` FOREIGN KEY (`claim_id`) REFERENCES `expense_claims` (`claim_id`),
ADD CONSTRAINT `expense_approvals_ibfk_2` FOREIGN KEY (`approver_id`) REFERENCES `users` (`user_id`);

--
-- Constraints for table `expense_claims`
--
ALTER TABLE `expense_claims`
ADD CONSTRAINT `expense_claims_ibfk_1` FOREIGN KEY (`claimant_id`) REFERENCES `users` (`user_id`),
ADD CONSTRAINT `expense_claims_ibfk_2` FOREIGN KEY (`cat_id`) REFERENCES `expense_categories` (`cat_id`),
ADD CONSTRAINT `expense_claims_ibfk_3` FOREIGN KEY (`budget_id`) REFERENCES `budget_allocations` (`budget_id`),
ADD CONSTRAINT `expense_claims_ibfk_4` FOREIGN KEY (`travel_request_id`) REFERENCES `travel_requests` (`request_id`);

--
-- Constraints for table `expense_items`
--
ALTER TABLE `expense_items`
ADD CONSTRAINT `expense_items_ibfk_1` FOREIGN KEY (`claim_id`) REFERENCES `expense_claims` (`claim_id`);

--
-- Constraints for table `news_daily_summary`
--
ALTER TABLE `news_daily_summary`
ADD CONSTRAINT `news_daily_summary_ibfk_1` FOREIGN KEY (`category_id`) REFERENCES `news_categories` (`category_id`);

--
-- Constraints for table `news_items`
--
ALTER TABLE `news_items`
ADD CONSTRAINT `news_items_ibfk_1` FOREIGN KEY (`category_id`) REFERENCES `news_categories` (`category_id`),
ADD CONSTRAINT `news_items_ibfk_2` FOREIGN KEY (`source_id`) REFERENCES `news_sources` (`source_id`);

--
-- Constraints for table `travel_approvals`
--
ALTER TABLE `travel_approvals`
ADD CONSTRAINT `travel_approvals_ibfk_1` FOREIGN KEY (`request_id`) REFERENCES `travel_requests` (`request_id`),
ADD CONSTRAINT `travel_approvals_ibfk_2` FOREIGN KEY (`approver_id`) REFERENCES `users` (`user_id`);

--
-- Constraints for table `travel_participants`
--
ALTER TABLE `travel_participants`
ADD CONSTRAINT `travel_participants_ibfk_1` FOREIGN KEY (`request_id`) REFERENCES `travel_requests` (`request_id`),
ADD CONSTRAINT `travel_participants_ibfk_2` FOREIGN KEY (`user_id`) REFERENCES `users` (`user_id`);

--
-- Constraints for table `vehicle_assignments`
--
ALTER TABLE `vehicle_assignments`
ADD CONSTRAINT `vehicle_assignments_ibfk_1` FOREIGN KEY (`vreq_id`) REFERENCES `vehicle_requests` (`vreq_id`),
ADD CONSTRAINT `vehicle_assignments_ibfk_2` FOREIGN KEY (`vehicle_id`) REFERENCES `vehicles` (`vehicle_id`),
ADD CONSTRAINT `vehicle_assignments_ibfk_3` FOREIGN KEY (`driver_id`) REFERENCES `drivers` (`driver_id`);

--
-- Constraints for table `vehicle_requests`
--
ALTER TABLE `vehicle_requests`
ADD CONSTRAINT `vehicle_requests_ibfk_1` FOREIGN KEY (`requester_id`) REFERENCES `users` (`user_id`),
ADD CONSTRAINT `vehicle_requests_ibfk_2` FOREIGN KEY (`travel_request_id`) REFERENCES `travel_requests` (`request_id`);

/*!40101 SET CHARACTER_SET_CLIENT=@OLD_CHARACTER_SET_CLIENT */;
/*!40101 SET CHARACTER_SET_RESULTS=@OLD_CHARACTER_SET_RESULTS */;
/*!40101 SET COLLATION_CONNECTION=@OLD_COLLATION_CONNECTION */;
